Week Endings,Avg Ticket Price ($),Top Ticket Price ($),Seats Sold,Seats in Theatre,% Cap
"Jan 18, 2026",$129.26,$279.00,12906.0,1696,95.12%
"Jan 11, 2026",$132.10,$259.00,12928.0,1696,95.28%
"Jan 4, 2026",$234.09,$399.00,13439.0,1696,99.05%
"Dec 28, 2025",$265.28,$375.00,14760.0,1696,96.70%
"Dec 21, 2025",$208.19,$339.00,13229.0,1696,97.50%
"Dec 14, 2025",$180.15,$315.00,13161.0,1696,97.00%
"Dec 7, 2025",$181.74,$325.00,13262.0,1696,97.74%
"Nov 30, 2025",$208.04,$339.00,13397.0,1696,98.74%
"Nov 23, 2025",$152.44,$307.00,12954.0,1696,95.47%
"Nov 16, 2025",$134.58,$249.00,13083.0,1696,96.43%
"Nov 9, 2025",$146.38,$259.00,13267.0,1696,97.78%
"Nov 2, 2025",$135.95,$232.00,12717.0,1696,93.73%
"Oct 26, 2025",$145.04,$249.00,12943.0,1696,95.39%
"Oct 19, 2025",$154.44,$249.00,13253.0,1696,97.68%
"Oct 12, 2025",$167.80,$277.00,13541.0,1696,99.80%
"Oct 5, 2025",$145.31,$249.00,13326.0,1696,98.22%
"Sep 28, 2025",$121.64,$239.00,13044.0,1696,96.14%
"Sep 21, 2025",$131.92,$237.00,13471.0,1696,99.29%
"Sep 14, 2025",$127.10,$232.00,13319.0,1696,98.16%
"Sep 7, 2025",$116.17,$215.00,12496.0,1696,92.10%
"Aug 31, 2025",$142.32,$259.00,13179.0,1696,97.13%
"Aug 24, 2025",$140.32,$229.00,12977.0,1696,95.64%
"Aug 17, 2025",$152.53,$269.00,12773.0,1696,94.14%
"Aug 10, 2025",$168.40,$279.00,13246.0,1696,97.63%
"Aug 3, 2025",$166.38,$292.00,13232.0,1696,97.52%
"Jul 27, 2025",$174.81,$289.00,13296.0,1696,98.00%
"Jul 20, 2025",$167.12,$297.00,13275.0,1696,97.84%
"Jul 13, 2025",$166.37,$297.00,13168.0,1696,97.05%
"Jul 6, 2025",$155.68,$262.00,13196.0,1696,97.26%
"Jun 29, 2025",$153.60,$259.00,13457.0,1696,99.18%
"Jun 22, 2025",$158.16,$249.00,13543.0,1696,99.82%
"Jun 15, 2025",$156.34,$259.00,13349.0,1696,98.39%
"Jun 8, 2025",$149.65,$229.00,13381.0,1696,98.62%
"Jun 1, 2025",$149.75,$225.00,13414.0,1696,98.86%
"May 25, 2025",$153.47,$237.00,13392.0,1696,98.70%
"May 18, 2025",$139.48,$209.00,12925.0,1696,95.26%
"May 11, 2025",$141.42,$209.00,12699.0,1696,93.60%
"May 4, 2025",$153.10,$222.00,13062.0,1696,96.27%
"Apr 27, 2025",$173.79,$259.00,13353.0,1696,98.42%
"Apr 20, 2025",$194.62,$339.00,15109.0,1696,98.98%
"Apr 13, 2025",$159.55,$275.00,13099.0,1696,96.54%
"Apr 6, 2025",$151.50,$237.00,13110.0,1696,96.62%
"Mar 30, 2025",$159.25,$249.00,13278.0,1696,97.86%
"Mar 23, 2025",$155.06,$249.00,13279.0,1696,97.87%
"Mar 16, 2025",$151.89,$299.00,13131.0,1696,96.78%
"Mar 9, 2025",$116.91,$267.00,13203.0,1696,97.31%
"Mar 2, 2025",$121.80,$299.00,12545.0,1696,92.46%
"Feb 23, 2025",$147.87,$285.00,13164.0,1696,97.02%
"Feb 16, 2025",$143.38,$275.00,12849.0,1696,94.70%
"Feb 9, 2025",$127.45,$257.00,12573.0,1696,92.67%
"Feb 2, 2025",$130.65,$259.00,13105.0,1696,96.59%
"Jan 26, 2025",$131.95,$239.00,12797.0,1696,94.32%
"Jan 19, 2025",$140.12,$239.00,12477.0,1696,91.96%
"Jan 12, 2025",$134.58,$239.00,13035.0,1696,96.07%
"Jan 5, 2025",$207.97,$477.00,13464.0,1696,99.23%
"Dec 29, 2024",$279.04,$477.00,15063.0,1696,98.68%
"Dec 22, 2024",$216.20,$325.00,13402.0,1696,98.78%
"Dec 15, 2024",$187.24,$325.00,13341.0,1696,98.33%
"Dec 8, 2024",$187.03,$325.00,13311.0,1696,98.11%
"Dec 1, 2024",$221.18,$339.00,13036.0,1696,96.08%
"Nov 24, 2024",$154.10,$227.00,13021.0,1696,95.97%
"Nov 17, 2024",$140.70,$227.00,12782.0,1696,94.21%
"Nov 10, 2024",$147.10,$227.00,13345.0,1696,98.36%
"Nov 3, 2024",$147.48,$227.00,13303.0,1696,98.05%
"Oct 27, 2024",$149.81,$227.00,13256.0,1696,97.70%
"Oct 20, 2024",$151.94,$227.00,13204.0,1696,97.32%
"Oct 13, 2024",$164.27,$227.00,13382.0,1696,98.63%
"Oct 6, 2024",$150.04,$227.00,12677.0,1696,93.43%
"Sep 29, 2024",$127.61,$227.00,13039.0,1696,96.10%
"Sep 22, 2024",$131.82,$227.00,12997.0,1696,95.79%
"Sep 15, 2024",$137.09,$277.00,13071.0,1696,96.34%
"Sep 8, 2024",$133.24,$277.00,12687.0,1696,93.51%
"Sep 1, 2024",$149.46,$277.00,13156.0,1696,96.96%
"Aug 25, 2024",$150.93,$277.00,12616.0,1696,92.98%
"Aug 18, 2024",$161.31,$277.00,13066.0,1696,96.30%
"Aug 11, 2024",$158.43,$277.00,13485.0,1696,99.39%
"Aug 4, 2024",$176.37,$277.00,13491.0,1696,99.43%
"Jul 28, 2024",$179.01,$277.00,14691.0,1696,96.25%
"Jul 21, 2024",$178.26,$277.00,13212.0,1696,97.38%
"Jul 14, 2024",$170.40,$277.00,14572.0,1696,95.47%
"Jul 7, 2024",$185.01,$277.00,13315.0,1696,98.14%
"Jun 30, 2024",$171.98,$277.00,13162.0,1696,97.01%
"Jun 23, 2024",$173.57,$277.00,13148.0,1696,96.90%
"Jun 16, 2024",$170.52,$277.00,12996.0,1696,95.78%
"Jun 9, 2024",$163.27,$277.00,12805.0,1696,94.38%
"Jun 2, 2024",$166.68,$277.00,12503.0,1696,92.15%
"May 26, 2024",$170.55,$277.00,13022.0,1696,95.98%
"May 19, 2024",$155.27,$277.00,13077.0,1696,96.38%
"May 12, 2024",$162.52,$277.00,13011.0,1696,95.89%
"May 5, 2024",$160.58,$277.00,12679.0,1696,93.45%
"Apr 28, 2024",$172.01,$277.00,12770.0,1696,94.12%
"Apr 21, 2024",$170.92,$277.00,12725.0,1696,93.79%
"Apr 14, 2024",$165.50,$277.00,12388.0,1696,91.30%
"Apr 7, 2024",$202.25,$299.00,13017.0,1696,95.94%
"Mar 31, 2024",$213.16,$349.00,14912.0,1696,97.69%
"Mar 24, 2024",$160.16,$215.00,12875.0,1696,94.89%
"Mar 17, 2024",$161.31,$215.00,13081.0,1696,96.41%
"Mar 10, 2024",$122.16,$215.00,13253.0,1696,97.68%
"Mar 3, 2024",$127.25,$215.00,12839.0,1696,94.63%
"Feb 25, 2024",$149.11,$215.00,13445.0,1696,99.09%
"Feb 18, 2024",$149.97,$215.00,13365.0,1696,98.50%
"Feb 11, 2024",$116.98,$215.00,12860.0,1696,94.78%
"Feb 4, 2024",$131.46,$249.00,12679.0,1696,93.45%
"Jan 28, 2024",$131.48,$249.00,12940.0,1696,95.37%
"Jan 21, 2024",$140.53,$279.00,12903.0,1696,95.10%
"Jan 14, 2024",$147.92,$279.00,12972.0,1696,95.61%
"Jan 7, 2024",$187.33,$299.00,13047.0,1696,96.16%
"Dec 31, 2023",$286.61,$599.00,15061.0,1696,98.67%
"Dec 24, 2023",$240.45,$199.00,12910.0,1696,95.15%
"Dec 17, 2023",$192.92,$199.00,13007.0,1696,95.87%
"Dec 10, 2023",$189.03,$199.00,12740.0,1696,93.90%
"Dec 3, 2023",$187.53,$199.00,12795.0,1696,94.30%
"Nov 26, 2023",$216.68,$199.00,13442.0,1696,99.07%
"Nov 19, 2023",$158.02,$199.00,12941.0,1696,95.38%
"Nov 12, 2023",$151.02,$199.00,13183.0,1696,97.16%
"Nov 5, 2023",$148.16,$199.00,13409.0,1696,98.83%
"Oct 29, 2023",$152.61,$199.00,13528.0,1696,99.71%
"Oct 22, 2023",$152.42,$199.00,13536.0,1696,99.76%
"Oct 15, 2023",$155.06,$199.00,13482.0,1696,99.37%
"Oct 8, 2023",$171.89,$199.00,13506.0,1696,99.54%
"Oct 1, 2023",$142.62,$199.00,13485.0,1696,99.39%
"Sep 24, 2023",$146.10,$199.00,13080.0,1696,96.40%
"Sep 17, 2023",$141.30,$199.00,12982.0,1696,95.68%
"Sep 10, 2023",$140.01,$199.00,13217.0,1696,97.41%
"Sep 3, 2023",$154.76,$199.00,13423.0,1696,98.93%
"Aug 27, 2023",$156.39,$199.00,12737.0,1696,93.88%
"Aug 20, 2023",$164.95,$199.00,13499.0,1696,99.49%
"Aug 13, 2023",$184.73,$199.00,13362.0,1696,98.48%
"Aug 6, 2023",$190.00,$199.00,13124.0,1696,96.73%
"Jul 30, 2023",$189.94,$199.00,14814.0,1696,97.05%
"Jul 23, 2023",$187.09,$199.00,13202.0,1696,97.30%
"Jul 16, 2023",$183.80,$199.00,14358.0,1696,94.06%
"Jul 9, 2023",$190.78,$199.00,12749.0,1696,93.96%
"Jul 2, 2023",$186.70,$199.00,13314.0,1696,98.13%
"Jun 25, 2023",$183.71,$199.00,13183.0,1696,97.16%
"Jun 18, 2023",$181.86,$199.00,12918.0,1696,95.21%
"Jun 11, 2023",$178.49,$199.00,12798.0,1696,94.32%
"Jun 4, 2023",$172.85,$199.00,12933.0,1696,95.32%
"May 28, 2023",$177.18,$199.00,12676.0,1696,93.43%
"May 21, 2023",$169.61,$199.00,12645.0,1696,93.20%
"May 14, 2023",$156.24,$199.00,12545.0,1696,92.46%
"May 7, 2023",$163.03,$199.00,12152.0,1696,89.56%
"Apr 30, 2023",$166.49,$199.00,12946.0,1696,95.42%
"Apr 23, 2023",$168.96,$199.00,12816.0,1696,94.46%
"Apr 16, 2023",$190.43,$199.00,14840.0,1696,97.22%
"Apr 9, 2023",$220.08,$199.00,13541.0,1696,99.80%
"Apr 2, 2023",$168.81,$199.00,13410.0,1696,98.84%
"Mar 26, 2023",$159.41,$199.00,13367.0,1696,98.52%
"Mar 19, 2023",$166.14,$199.00,13557.0,1696,99.92%
"Mar 12, 2023",$121.86,$199.00,13441.0,1696,99.06%
"Mar 5, 2023",$129.36,$199.00,13030.0,1696,96.03%
"Feb 26, 2023",$142.55,$199.00,13548.0,1696,99.85%
"Feb 19, 2023",$144.24,$199.00,13378.0,1696,98.60%
"Feb 12, 2023",$127.19,$199.00,12786.0,1696,94.24%
"Feb 5, 2023",$126.50,$199.00,12564.0,1696,92.60%
"Jan 29, 2023",$132.66,$199.00,12707.0,1696,93.65%
"Jan 22, 2023",$139.00,$199.00,12917.0,1696,95.20%
"Jan 15, 2023",$144.94,$199.00,13011.0,1696,95.89%
"Jan 8, 2023",$147.48,$199.00,13550.0,1696,99.87%
"Jan 1, 2023",$284.89,$199.00,15147.0,1696,99.23%
"Dec 25, 2022",$226.48,$199.00,11437.0,1696,96.34%
"Dec 18, 2022",$185.67,$199.00,13190.0,1696,97.21%
"Dec 11, 2022",$176.59,$199.00,13398.0,1696,98.75%
"Dec 4, 2022",$167.92,$199.00,12881.0,1696,94.94%
"Nov 27, 2022",$209.43,$199.00,12772.0,1696,94.13%
"Nov 20, 2022",$138.08,$199.00,13445.0,1696,99.09%
"Nov 13, 2022",$116.26,$199.00,13227.0,1696,97.49%
"Nov 6, 2022",$131.71,$199.00,13371.0,1696,98.55%
"Oct 30, 2022",$129.89,$199.00,13124.0,1696,96.73%
"Oct 23, 2022",$126.63,$199.00,13541.0,1696,99.80%
"Oct 16, 2022",$134.30,$199.00,13517.0,1696,99.62%
"Oct 9, 2022",$153.37,$199.00,13471.0,1696,99.29%
"Oct 2, 2022",$118.96,$199.00,13231.0,1696,97.52%
"Sep 25, 2022",$131.31,$199.00,12973.0,1696,95.61%
"Sep 18, 2022",$126.65,$199.00,12942.0,1696,95.39%
"Sep 11, 2022",$123.38,$199.00,12808.0,1696,94.40%
"Sep 4, 2022",$135.44,$199.00,12979.0,1696,95.66%
"Aug 28, 2022",$135.78,$199.00,13226.0,1696,97.48%
"Aug 21, 2022",$146.45,$199.00,13524.0,1696,99.68%
"Aug 14, 2022",$154.33,$199.00,13297.0,1696,98.00%
"Aug 7, 2022",$167.10,$199.00,13302.0,1696,98.04%
"Jul 31, 2022",$163.88,$199.00,13221.0,1696,97.44%
"Jul 24, 2022",$162.74,$199.00,14960.0,1696,98.01%
"Jul 17, 2022",$161.61,$199.00,13183.0,1696,97.16%
"Jul 10, 2022",$158.58,$199.00,14872.0,1696,97.43%
"Jul 3, 2022",$161.00,$199.00,13431.0,1696,98.99%
"Jun 26, 2022",$156.55,$199.00,13524.0,1696,99.68%
"Jun 19, 2022",$145.93,$199.00,13343.0,1696,98.34%
"Jun 12, 2022",$145.89,$199.00,13374.0,1696,98.57%
"Jun 5, 2022",$142.88,$199.00,13050.0,1696,96.18%
"May 29, 2022",$148.42,$199.00,13477.0,1696,99.33%
"May 22, 2022",$136.16,$199.00,13009.0,1696,95.88%
"May 15, 2022",$129.31,$199.00,12659.0,1696,93.30%
"May 8, 2022",$130.06,$199.00,13195.0,1696,97.25%
"May 1, 2022",$128.80,$199.00,12697.0,1696,93.58%
"Apr 24, 2022",$149.19,$199.00,13411.0,1696,98.84%
"Apr 17, 2022",$169.02,$199.00,15152.0,1696,99.27%
"Apr 10, 2022",$138.93,$199.00,13491.0,1696,99.43%
"Apr 3, 2022",$126.56,$199.00,12979.0,1696,95.66%
"Mar 27, 2022",$129.44,$199.00,13208.0,1696,97.35%
"Mar 20, 2022",$132.74,$199.00,13399.0,1696,98.75%
"Mar 13, 2022",$117.46,,12916.0,1696,95.19%
"Mar 6, 2022",$86.76,,12622.0,1696,93.03%
"Feb 27, 2022",$119.03,,13347.0,1696,98.37%
"Feb 20, 2022",$112.70,,12932.0,1696,95.31%
"Feb 13, 2022",$99.03,,12875.0,1696,94.89%
"Feb 6, 2022",$95.09,,12185.0,1696,89.81%
"Jan 30, 2022",$90.09,,11219.0,1696,82.69%
"Jan 23, 2022",$93.92,,11186.0,1696,82.44%
"Jan 16, 2022",$106.58,,9992.0,1696,73.64%
"Jan 9, 2022",$116.45,,11057.0,1696,81.49%
"Jan 2, 2022",$191.89,,7727.0,1696,91.12%
"Dec 19, 2021",$160.62,,13422.0,1696,98.92%
"Dec 12, 2021",$146.96,,13491.0,1696,99.43%
"Dec 5, 2021",$146.19,,13293.0,1696,97.97%
"Nov 28, 2021",$192.88,,13147.0,1696,96.90%
"Nov 21, 2021",$120.50,,13201.0,1696,97.30%
"Nov 14, 2021",$117.80,,13451.0,1696,99.14%
"Nov 7, 2021",$121.11,,11762.0,1696,99.07%
"Oct 31, 2021",$115.71,,11049.0,1696,93.07%
"Oct 24, 2021",$119.03,,13431.0,1696,98.99%
"Oct 17, 2021",$119.82,,13495.0,1696,99.46%
"Oct 10, 2021",$119.43,,13547.0,1696,99.85%
"Oct 3, 2021",$118.56,,13532.0,1696,99.73%
"Sep 26, 2021",$138.67,,13476.0,1696,99.32%
"Sep 19, 2021",$126.78,,11735.0,1696,98.85%
"Mar 8, 2020",$99.05,$237.00,11979.0,1696,88.29%
"Mar 1, 2020",$114.16,$237.00,12391.0,1696,91.33%
"Feb 23, 2020",$140.55,$225.00,13099.0,1696,96.54%
"Feb 16, 2020",$130.91,$225.00,12784.0,1696,94.22%
"Feb 9, 2020",$111.14,$237.00,12769.0,1696,94.11%
"Feb 2, 2020",$113.66,$225.00,12363.0,1696,91.12%
"Jan 26, 2020",$124.68,$237.00,12955.0,1696,95.48%
"Jan 19, 2020",$131.81,$237.00,12804.0,1696,94.37%
"Jan 12, 2020",$126.22,$250.00,12756.0,1696,94.02%
"Jan 5, 2020",$185.62,$347.00,13431.0,1696,98.99%
"Dec 29, 2019",$228.82,$427.00,15227.0,1696,99.76%
"Dec 22, 2019",$175.05,$397.00,12878.0,1696,94.91%
"Dec 15, 2019",$162.63,$297.00,12816.0,1696,94.46%
"Dec 8, 2019",$172.55,$426.00,12635.0,1696,93.12%
"Dec 1, 2019",$192.12,$434.00,12759.0,1696,94.04%
"Nov 24, 2019",$148.02,$426.00,12477.0,1696,91.96%
"Nov 17, 2019",$132.36,$252.00,12511.0,1696,92.21%
"Nov 10, 2019",$146.10,$225.00,13151.0,1696,96.93%
"Nov 3, 2019",$150.10,$250.00,13113.0,1696,96.65%
"Oct 27, 2019",$154.68,$347.00,12924.0,1696,95.25%
"Oct 20, 2019",$160.32,$237.00,13309.0,1696,98.09%
"Oct 13, 2019",$167.55,$250.00,13384.0,1696,98.64%
"Oct 6, 2019",$146.60,$237.00,13296.0,1696,98.00%
"Sep 29, 2019",$136.12,$237.00,13471.0,1696,99.29%
"Sep 22, 2019",$140.31,$237.00,13162.0,1696,97.01%
"Sep 15, 2019",$138.05,$225.00,12832.0,1696,94.58%
"Sep 8, 2019",$141.58,$225.00,11854.0,1696,87.37%
"Sep 1, 2019",$161.68,$225.00,12596.0,1696,92.84%
"Aug 25, 2019",$166.22,$225.00,12481.0,1696,91.99%
"Aug 18, 2019",$173.08,$225.00,13368.0,1696,98.53%
"Aug 11, 2019",$186.05,$225.00,13218.0,1696,97.42%
"Aug 4, 2019",$188.82,$225.00,13181.0,1696,97.15%
"Jul 28, 2019",$187.73,$225.00,14760.0,1696,96.70%
"Jul 21, 2019",$187.30,$225.00,13551.0,1696,99.87%
"Jul 14, 2019",$187.67,$225.00,12759.0,1696,94.04%
"Jul 7, 2019",$190.91,$225.00,13519.0,1696,99.64%
"Jun 30, 2019",$179.18,$225.00,13550.0,1696,99.87%
"Jun 23, 2019",$178.53,$225.00,13569.0,1696,100.01%
"Jun 16, 2019",$171.79,$225.00,13565.0,1696,99.98%
"Jun 9, 2019",$170.77,$225.00,13562.0,1696,99.96%
"Jun 2, 2019",$165.59,$225.00,13480.0,1696,99.35%
"May 26, 2019",$170.94,$225.00,13556.0,1696,99.91%
"May 19, 2019",$156.31,$225.00,13490.0,1696,99.43%
"May 12, 2019",$151.94,$225.00,13440.0,1696,99.06%
"May 5, 2019",$164.05,$225.00,13541.0,1696,99.80%
"Apr 28, 2019",$180.66,$225.00,13569.0,1696,100.01%
"Apr 21, 2019",$206.81,$225.00,15230.0,1696,99.78%
"Apr 14, 2019",$166.76,$225.00,13465.0,1696,99.24%
"Apr 7, 2019",$159.83,$225.00,13515.0,1696,99.61%
"Mar 31, 2019",$159.11,$225.00,13568.0,1696,100.00%
"Mar 24, 2019",$156.84,$225.00,13568.0,1696,100.00%
"Mar 17, 2019",$149.14,$225.00,13571.0,1696,100.02%
"Mar 10, 2019",$130.49,$225.00,13363.0,1696,98.49%
"Mar 3, 2019",$137.12,$225.00,13094.0,1696,96.51%
"Feb 24, 2019",$148.72,$225.00,13568.0,1696,100.00%
"Feb 17, 2019",$144.94,$225.00,13565.0,1696,99.98%
"Feb 10, 2019",$129.13,$225.00,13495.0,1696,99.46%
"Feb 3, 2019",$124.34,$225.00,13263.0,1696,97.75%
"Jan 27, 2019",$138.19,$225.00,13389.0,1696,98.68%
"Jan 20, 2019",$135.02,$225.00,13291.0,1696,97.96%
"Jan 13, 2019",$141.67,$225.00,13049.0,1696,96.17%
"Jan 6, 2019",$183.95,$225.00,13418.0,1696,98.89%
"Dec 30, 2018",$242.15,$225.00,15267.0,1696,100.02%
"Dec 23, 2018",$203.63,$225.00,13560.0,1696,99.94%
"Dec 16, 2018",$174.62,$225.00,13480.0,1696,99.35%
"Dec 9, 2018",$173.09,$225.00,13459.0,1696,99.20%
"Dec 2, 2018",$162.06,$225.00,13567.0,1696,99.99%
"Nov 25, 2018",$206.20,$225.00,13464.0,1696,99.23%
"Nov 18, 2018",$151.21,$225.00,13469.0,1696,99.27%
"Nov 11, 2018",$153.81,$225.00,13539.0,1696,99.79%
"Nov 4, 2018",$154.44,$225.00,13537.0,1696,99.77%
"Oct 28, 2018",$155.74,$225.00,13508.0,1696,99.56%
"Oct 21, 2018",$163.93,$225.00,13524.0,1696,99.68%
"Oct 14, 2018",$160.64,$225.00,13427.0,1696,98.96%
"Oct 7, 2018",$167.78,$225.00,13572.0,1696,100.03%
"Sep 30, 2018",$146.66,$225.00,13570.0,1696,100.01%
"Sep 23, 2018",$150.89,$225.00,13566.0,1696,99.99%
"Sep 16, 2018",$142.36,$225.00,13529.0,1696,99.71%
"Sep 9, 2018",$141.27,$225.00,13270.0,1696,97.80%
"Sep 2, 2018",$156.40,$225.00,13495.0,1696,99.46%
"Aug 26, 2018",$161.58,$225.00,13374.0,1696,98.57%
"Aug 19, 2018",$172.44,$225.00,13570.0,1696,100.01%
"Aug 12, 2018",$177.74,$225.00,13571.0,1696,100.02%
"Aug 5, 2018",$182.43,$225.00,13573.0,1696,100.04%
"Jul 29, 2018",$182.42,$225.00,15263.0,1696,99.99%
"Jul 22, 2018",$184.03,$225.00,13520.0,1696,99.65%
"Jul 15, 2018",$179.73,$225.00,15145.0,1696,99.22%
"Jul 8, 2018",$183.79,$225.00,13568.0,1696,100.00%
"Jul 1, 2018",$171.84,$225.00,13569.0,1696,100.01%
"Jun 24, 2018",$170.06,$225.00,13572.0,1696,100.03%
"Jun 17, 2018",$168.42,$225.00,13568.0,1696,100.00%
"Jun 10, 2018",$162.40,$225.00,13571.0,1696,100.02%
"Jun 3, 2018",$161.36,$225.00,13539.0,1696,99.79%
"May 27, 2018",$162.82,$225.00,13514.0,1696,99.60%
"May 20, 2018",$157.98,$225.00,13554.0,1696,99.90%
"May 13, 2018",$154.48,$225.00,11876.0,1696,100.03%
"May 6, 2018",$156.58,$225.00,13520.0,1696,99.65%
"Apr 29, 2018",$157.74,$225.00,13530.0,1696,99.72%
"Apr 22, 2018",$157.46,$225.00,13449.0,1696,99.12%
"Apr 15, 2018",$157.62,$225.00,13552.0,1696,99.88%
"Apr 8, 2018",$185.02,$225.00,13551.0,1696,99.87%
"Apr 1, 2018",$202.55,$225.00,15266.0,1696,100.01%
"Mar 25, 2018",$157.58,$225.00,13146.0,1696,96.89%
"Mar 18, 2018",$149.27,$225.00,13569.0,1696,100.01%
"Mar 11, 2018",$130.76,$225.00,13571.0,1696,100.02%
"Mar 4, 2018",$134.53,$225.00,13360.0,1696,98.47%
"Feb 25, 2018",$145.68,$225.00,13567.0,1696,99.99%
"Feb 18, 2018",$149.53,$225.00,13573.0,1696,100.04%
"Feb 11, 2018",$128.84,$225.00,13386.0,1696,98.66%
"Feb 4, 2018",$125.08,$225.00,13329.0,1696,98.24%
"Jan 28, 2018",$133.63,$225.00,13465.0,1696,99.24%
"Jan 21, 2018",$136.83,$225.00,13539.0,1696,99.79%
"Jan 14, 2018",$143.17,$225.00,13561.0,1696,99.95%
"Jan 7, 2018",$173.22,$225.00,15141.0,1696,99.19%
"Dec 31, 2017",$228.39,$225.00,13573.0,1696,100.04%
"Dec 24, 2017",$197.98,$225.00,13551.0,1696,99.87%
"Dec 17, 2017",$172.90,$225.00,13515.0,1696,99.61%
"Dec 10, 2017",$170.52,$225.00,13519.0,1696,99.64%
"Dec 3, 2017",$154.16,$225.00,13543.0,1696,99.82%
"Nov 26, 2017",$195.67,$225.00,13550.0,1696,99.87%
"Nov 19, 2017",$148.05,$225.00,11876.0,1696,100.03%
"Nov 12, 2017",$140.70,$225.00,13563.0,1696,99.96%
"Nov 5, 2017",$138.65,$225.00,11866.0,1696,99.95%
"Oct 29, 2017",$148.96,$225.00,13556.0,1696,99.91%
"Oct 22, 2017",$150.92,$225.00,13507.0,1696,99.55%
"Oct 15, 2017",$153.32,$225.00,13562.0,1696,99.96%
"Oct 8, 2017",$167.87,$225.00,13567.0,1696,99.99%
"Oct 1, 2017",$138.32,$225.00,13565.0,1696,99.98%
"Sep 24, 2017",$137.13,$225.00,13560.0,1696,99.94%
"Sep 17, 2017",$132.83,$225.00,13489.0,1696,99.42%
"Sep 10, 2017",$130.55,$225.00,13523.0,1696,99.67%
"Sep 3, 2017",$147.37,$225.00,13570.0,1696,100.01%
"Aug 27, 2017",$153.12,$225.00,13410.0,1696,98.84%
"Aug 20, 2017",$158.29,$225.00,13568.0,1696,100.00%
"Aug 13, 2017",$163.70,$225.00,13561.0,1696,99.95%
"Aug 6, 2017",$168.02,$225.00,13548.0,1696,99.85%
"Jul 30, 2017",$169.81,$225.00,15211.0,1696,99.65%
"Jul 23, 2017",$170.33,$225.00,13567.0,1696,99.99%
"Jul 16, 2017",$164.58,$225.00,15261.0,1696,99.98%
"Jul 9, 2017",$167.37,$225.00,13519.0,1696,99.64%
"Jul 2, 2017",$158.94,$225.00,15251.0,1696,99.91%
"Jun 25, 2017",$158.17,$225.00,13569.0,1696,100.01%
"Jun 18, 2017",$156.38,$225.00,13574.0,1696,100.04%
"Jun 11, 2017",$154.52,$225.00,13570.0,1696,100.01%
"Jun 4, 2017",$150.68,$225.00,13484.0,1696,99.38%
"May 28, 2017",$152.99,$225.00,13556.0,1696,99.91%
"May 21, 2017",$146.15,$225.00,13522.0,1696,99.66%
"May 14, 2017",$139.35,$225.00,11758.0,1696,99.04%
"May 7, 2017",$144.77,$225.00,13470.0,1696,99.28%
"Apr 30, 2017",$142.69,$225.00,13503.0,1696,99.52%
"Apr 23, 2017",$161.49,$225.00,13325.0,1696,98.21%
"Apr 16, 2017",$188.95,$225.00,15151.0,1696,99.26%
"Apr 9, 2017",$153.46,$225.00,13510.0,1696,99.57%
"Apr 2, 2017",$148.82,$225.00,13490.0,1696,99.43%
"Mar 26, 2017",$142.03,$225.00,13523.0,1696,99.67%
"Mar 19, 2017",$147.40,$225.00,13544.0,1696,99.82%
"Mar 5, 2017",$112.84,$225.00,13565.0,1696,99.98%
"Feb 26, 2017",$137.15,$225.00,13574.0,1696,100.04%
"Feb 19, 2017",$137.70,$225.00,13399.0,1696,98.75%
"Feb 12, 2017",$115.72,$225.00,13423.0,1696,98.93%
"Feb 5, 2017",$119.07,$225.00,12987.0,1696,95.72%
"Jan 29, 2017",$123.18,$225.00,13374.0,1696,98.57%
"Jan 22, 2017",$124.44,$225.00,13317.0,1696,98.15%
"Jan 15, 2017",$134.17,$225.00,13421.0,1696,98.92%
"Jan 8, 2017",$150.73,$225.00,13572.0,1696,100.03%
"Jan 1, 2017",$202.96,$225.00,15266.0,1696,100.01%
"Dec 25, 2016",$182.22,$225.00,11683.0,1696,98.41%
"Dec 18, 2016",$166.27,$225.00,13178.0,1696,97.13%
"Dec 11, 2016",$158.41,$225.00,13382.0,1696,98.63%
"Dec 4, 2016",$153.19,$225.00,12401.0,1696,91.40%
"Nov 27, 2016",$184.87,$225.00,13503.0,1696,99.52%
"Nov 20, 2016",$135.94,$225.00,13331.0,1696,98.25%
"Nov 13, 2016",$135.87,$225.00,13534.0,1696,99.75%
"Nov 6, 2016",$139.27,$225.00,13176.0,1696,97.11%
"Oct 30, 2016",$137.70,$225.00,13345.0,1696,98.36%
"Oct 23, 2016",$146.22,$225.00,13486.0,1696,99.40%
"Oct 16, 2016",$145.24,$225.00,13514.0,1696,99.60%
"Oct 9, 2016",$152.56,$225.00,13476.0,1696,99.32%
"Oct 2, 2016",$140.45,$225.00,13258.0,1696,97.72%
"Sep 25, 2016",$133.95,$225.00,13356.0,1696,98.44%
"Sep 18, 2016",$140.56,$225.00,13155.0,1696,96.96%
"Sep 11, 2016",$133.05,$225.00,12875.0,1696,94.89%
"Sep 4, 2016",$140.19,$225.00,13323.0,1696,98.19%
"Aug 28, 2016",$143.70,$225.00,13454.0,1696,99.16%
"Aug 21, 2016",$152.23,$225.00,13453.0,1696,99.15%
"Aug 14, 2016",$165.66,$225.00,13485.0,1696,99.39%
"Aug 7, 2016",$169.08,$225.00,13558.0,1696,99.93%
"Jul 31, 2016",$168.46,$225.00,15164.0,1696,99.34%
"Jul 24, 2016",$171.78,$225.00,13453.0,1696,99.15%
"Jul 17, 2016",$167.81,$225.00,14981.0,1696,98.15%
"Jul 10, 2016",$171.07,$225.00,13185.0,1696,97.18%
"Jul 3, 2016",$159.46,$225.00,13573.0,1696,100.04%
"Jun 26, 2016",$155.72,$225.00,13570.0,1696,100.01%
"Jun 19, 2016",$155.21,$225.00,13571.0,1696,100.02%
"Jun 12, 2016",$152.66,$225.00,13572.0,1696,100.03%
"Jun 5, 2016",$152.07,$225.00,13544.0,1696,99.82%
"May 29, 2016",$152.93,$225.00,13552.0,1696,99.88%
"May 22, 2016",$151.66,$225.00,13560.0,1696,99.94%
"May 15, 2016",$145.03,$225.00,11384.0,1696,95.89%
"May 8, 2016",$148.84,$225.00,13489.0,1696,99.42%
"May 1, 2016",$143.77,$225.00,13567.0,1696,99.99%
"Apr 24, 2016",$148.09,$225.00,13477.0,1696,99.33%
"Apr 17, 2016",$144.72,$225.00,13402.0,1696,98.78%
"Apr 10, 2016",$148.38,$225.00,13452.0,1696,99.15%
"Apr 3, 2016",$168.77,$225.00,13566.0,1696,99.99%
"Mar 27, 2016",$172.61,$225.00,15236.0,1696,99.82%
"Mar 20, 2016",$150.81,$225.00,13554.0,1696,99.90%
"Mar 13, 2016",$127.40,$225.00,13413.0,1696,98.86%
"Mar 6, 2016",$109.97,$225.00,13289.0,1696,97.94%
"Feb 28, 2016",$108.53,$225.00,13536.0,1696,99.76%
"Feb 21, 2016",$136.98,$225.00,13518.0,1696,99.63%
"Feb 14, 2016",$126.65,$225.00,13557.0,1696,99.92%
"Feb 7, 2016",$116.18,$225.00,13198.0,1696,97.27%
"Jan 31, 2016",$116.61,$225.00,12979.0,1696,95.66%
"Jan 24, 2016",$121.49,$225.00,8750.0,1696,85.99%
"Jan 17, 2016",$124.73,$225.00,13310.0,1696,98.10%
"Jan 10, 2016",$134.31,$225.00,13491.0,1696,99.43%
"Jan 3, 2016",$189.40,$225.00,15198.0,1696,99.57%
"Dec 27, 2015",$190.72,$225.00,13570.0,1696,100.02%
"Dec 20, 2015",$163.40,$225.00,13172.0,1696,97.08%
"Dec 13, 2015",$150.04,$225.00,13390.0,1696,98.69%
"Dec 6, 2015",$150.99,$225.00,13139.0,1696,96.84%
"Nov 29, 2015",$180.32,$225.00,13512.0,1696,99.59%
"Nov 22, 2015",$129.20,$225.00,13255.0,1696,97.69%
"Nov 15, 2015",$120.35,$225.00,13572.0,1696,100.03%
"Nov 8, 2015",$130.40,$225.00,13534.0,1696,99.75%
"Nov 1, 2015",$124.65,$225.00,13162.0,1696,97.01%
"Oct 25, 2015",$140.17,$225.00,13569.0,1696,100.01%
"Oct 18, 2015",$142.40,$225.00,13568.0,1696,100.00%
"Oct 11, 2015",$149.82,$225.00,13571.0,1696,100.02%
"Oct 4, 2015",$139.46,$225.00,13569.0,1696,100.01%
"Sep 27, 2015",$129.59,$225.00,13570.0,1696,100.02%
"Sep 20, 2015",$132.04,$225.00,13570.0,1696,100.02%
"Sep 13, 2015",$127.36,$225.00,13563.0,1696,99.96%
"Sep 6, 2015",$128.29,$225.00,13574.0,1696,100.04%
"Aug 30, 2015",$143.62,$225.00,12778.0,1696,94.18%
"Aug 23, 2015",$146.30,$225.00,13576.0,1696,100.06%
"Aug 16, 2015",$164.92,$225.00,13128.0,1696,96.76%
"Aug 9, 2015",$171.98,$225.00,13569.0,1696,100.01%
"Aug 2, 2015",$173.37,$225.00,15137.0,1696,99.17%
"Jul 26, 2015",$177.49,$225.00,13570.0,1696,100.02%
"Jul 19, 2015",$173.51,$225.00,15100.0,1696,98.93%
"Jul 12, 2015",$170.32,$225.00,13556.0,1696,99.91%
"Jul 5, 2015",$157.56,$225.00,13603.0,1700,100.02%
"Jun 28, 2015",$155.90,$225.00,13603.0,1700,100.02%
"Jun 21, 2015",$158.44,$225.00,13600.0,1700,100.00%
"Jun 14, 2015",$155.76,$225.00,13500.0,1700,99.26%
"Jun 7, 2015",$144.55,$225.00,13557.0,1700,99.68%
"May 31, 2015",$149.28,$225.00,13578.0,1700,99.84%
"May 24, 2015",$151.94,$225.00,13601.0,1700,100.01%
"May 17, 2015",$145.59,$197.50,13508.0,1700,99.32%
"May 10, 2015",$148.24,$197.50,11480.0,1700,96.47%
"May 3, 2015",$147.51,$197.50,12937.0,1700,95.13%
"Apr 26, 2015",$145.52,$197.50,13557.0,1700,99.68%
"Apr 19, 2015",$139.79,$197.50,13187.0,1700,96.96%
"Apr 12, 2015",$170.67,$197.50,13436.0,1700,98.79%
"Apr 5, 2015",$172.18,$197.50,15295.0,1700,99.97%
"Mar 29, 2015",$152.97,$197.50,13494.0,1700,99.22%
"Mar 22, 2015",$140.89,$197.50,13499.0,1700,99.26%
"Mar 15, 2015",$134.29,$197.50,13587.0,1700,99.90%
"Mar 8, 2015",$111.11,$197.50,13051.0,1700,95.96%
"Mar 1, 2015",$114.38,$197.50,13036.0,1700,95.85%
"Feb 22, 2015",$143.01,$197.50,13569.0,1700,99.77%
"Feb 15, 2015",$128.36,$197.50,13447.0,1700,98.88%
"Feb 8, 2015",$111.03,$197.50,13180.0,1700,96.91%
"Feb 1, 2015",$112.94,$197.50,11847.0,1700,99.55%
"Jan 25, 2015",$125.71,$197.50,13056.0,1700,96.00%
"Jan 18, 2015",$130.43,$197.50,13200.0,1700,97.06%
"Jan 11, 2015",$138.00,$197.50,13337.0,1700,98.07%
"Jan 4, 2015",$184.86,$197.50,13605.0,1700,100.04%
"Dec 28, 2014",$188.51,$197.50,15306.0,1700,100.04%
"Dec 21, 2014",$170.47,$197.50,12908.0,1700,94.91%
"Dec 14, 2014",$152.34,$197.50,12637.0,1700,92.92%
"Dec 7, 2014",$155.32,$197.50,12360.0,1700,90.88%
"Nov 30, 2014",$178.12,$197.50,13602.0,1700,100.02%
"Nov 23, 2014",$126.75,$197.50,13503.0,1700,99.29%
"Nov 16, 2014",$114.72,$197.50,13319.0,1700,97.93%
"Nov 9, 2014",$128.70,$197.50,13502.0,1700,99.28%
"Nov 2, 2014",$126.93,$197.50,13395.0,1700,98.49%
"Oct 26, 2014",$137.16,$197.50,13496.0,1700,99.24%
"Oct 19, 2014",$141.29,$197.50,13414.0,1700,98.63%
"Oct 12, 2014",$150.71,$197.50,13604.0,1700,100.03%
"Oct 5, 2014",$137.77,$197.50,13456.0,1700,98.94%
"Sep 28, 2014",$130.46,$197.50,13446.0,1700,98.87%
"Sep 21, 2014",$128.80,$197.50,13516.0,1700,99.38%
"Sep 14, 2014",$128.03,$197.50,13478.0,1700,99.10%
"Sep 7, 2014",$125.23,$197.50,13396.0,1700,98.50%
"Aug 31, 2014",$142.03,$197.50,13603.0,1700,100.02%
"Aug 24, 2014",$143.70,$197.50,13608.0,1700,100.06%
"Aug 17, 2014",$164.20,$197.50,13450.0,1700,98.90%
"Aug 10, 2014",$168.76,$197.50,13601.0,1700,100.01%
"Aug 3, 2014",$167.19,$197.50,15306.0,1700,100.04%
"Jul 27, 2014",$169.42,$0.00,13604.0,1700,100.03%
"Jul 20, 2014",$160.41,$197.50,15155.0,1700,99.05%
"Jul 13, 2014",$160.75,$197.50,13384.0,1700,98.41%
"Jul 6, 2014",$151.91,$197.50,13601.0,1700,100.01%
"Jun 29, 2014",$150.35,$197.50,13601.0,1700,100.01%
"Jun 22, 2014",$154.31,$197.50,13602.0,1700,100.02%
"Jun 15, 2014",$150.31,$197.50,13596.0,1700,99.97%
"Jun 8, 2014",$144.45,$197.50,13497.0,1700,99.24%
"Jun 1, 2014",$144.38,$197.50,13572.0,1700,99.79%
"May 25, 2014",$147.50,$197.50,13604.0,1700,100.03%
"May 18, 2014",$140.17,$197.50,13530.0,1700,99.49%
"May 11, 2014",$142.27,$197.50,11904.0,1700,100.03%
"May 4, 2014",$142.63,$197.50,13602.0,1700,100.02%
"Apr 27, 2014",$157.61,$197.50,13602.0,1700,100.02%
"Apr 20, 2014",$166.19,$197.50,15304.0,1700,100.03%
"Apr 13, 2014",$140.78,$197.50,13602.0,1700,100.02%
"Apr 6, 2014",$125.96,$197.50,13362.0,1700,98.25%
"Mar 30, 2014",$138.58,$197.50,13603.0,1700,100.02%
"Mar 23, 2014",$134.72,$197.50,13575.0,1700,99.82%
"Mar 16, 2014",$127.50,$197.50,13598.0,1700,99.99%
"Mar 9, 2014",$113.56,$197.50,13312.0,1700,97.88%
"Mar 2, 2014",$109.57,$197.50,13455.0,1700,98.93%
"Feb 23, 2014",$129.13,$197.50,13585.0,1700,99.89%
"Feb 16, 2014",$118.07,$197.50,13304.0,1700,97.82%
"Feb 9, 2014",$104.94,$197.50,13313.0,1700,97.89%
"Feb 2, 2014",$107.20,$197.50,12063.0,1700,88.70%
"Jan 26, 2014",$119.83,$197.50,13424.0,1700,98.71%
"Jan 19, 2014",$124.37,$197.50,13292.0,1700,97.74%
"Jan 12, 2014",$129.57,$197.50,13230.0,1700,97.28%
"Jan 5, 2014",$171.46,$197.50,13603.0,1700,100.02%
"Dec 29, 2013",$185.35,$197.50,15307.0,1700,100.05%
"Dec 22, 2013",$164.67,$197.50,13399.0,1700,98.52%
"Dec 15, 2013",$142.00,$197.50,12809.0,1700,94.18%
"Dec 8, 2013",$154.93,$197.50,12625.0,1700,92.83%
"Dec 1, 2013",$175.84,$197.50,13452.0,1700,98.91%
"Nov 24, 2013",$120.56,$197.50,12946.0,1700,95.19%
"Nov 17, 2013",$119.16,$197.50,12064.0,1700,88.71%
"Nov 10, 2013",$127.30,$197.50,13398.0,1700,98.51%
"Nov 3, 2013",$130.86,$197.50,12988.0,1700,95.50%
"Oct 27, 2013",$132.50,$197.50,13573.0,1700,99.80%
"Oct 20, 2013",$134.11,$197.50,13458.0,1700,98.96%
"Oct 13, 2013",$138.58,$197.50,13603.0,1700,100.02%
"Oct 6, 2013",$129.66,$197.50,13287.0,1700,97.70%
"Sep 29, 2013",$125.93,$197.50,13586.0,1700,99.90%
"Sep 22, 2013",$129.43,$197.50,13468.0,1700,99.03%
"Sep 15, 2013",$126.61,$197.50,13408.0,1700,98.59%
"Sep 8, 2013",$124.29,$197.50,13520.0,1700,99.41%
"Sep 1, 2013",$134.63,$197.50,13507.0,1700,99.32%
"Aug 25, 2013",$137.90,$197.50,13603.0,1700,100.02%
"Aug 18, 2013",$156.38,$197.50,13511.0,1700,99.35%
"Aug 11, 2013",$157.97,$197.50,13605.0,1700,100.04%
"Aug 4, 2013",$157.71,$197.50,13604.0,1700,100.03%
"Jul 28, 2013",$158.45,$197.50,13605.0,1700,100.04%
"Jul 21, 2013",$152.52,$197.50,15186.0,1700,99.25%
"Jul 14, 2013",$153.12,$197.50,13522.0,1700,99.43%
"Jul 7, 2013",$149.12,$197.50,13603.0,1700,100.02%
"Jun 30, 2013",$144.91,$197.50,13604.0,1700,100.03%
"Jun 23, 2013",$144.38,$197.50,13602.0,1700,100.02%
"Jun 16, 2013",$143.61,$197.50,13588.0,1700,99.91%
"Jun 9, 2013",$138.31,$197.50,13513.0,1700,99.36%
"Jun 2, 2013",$138.12,$197.50,13543.0,1700,99.58%
"May 26, 2013",$140.92,$197.50,13601.0,1700,100.01%
"May 19, 2013",$140.37,$197.50,13448.0,1700,98.88%
"May 12, 2013",$135.93,$197.50,13588.0,1700,99.91%
"May 5, 2013",$137.91,$197.50,13266.0,1700,97.54%
"Apr 28, 2013",$137.46,$197.50,13565.0,1700,99.74%
"Apr 21, 2013",$137.41,$197.50,13357.0,1700,98.21%
"Apr 14, 2013",$127.92,$197.50,13550.0,1700,99.63%
"Apr 7, 2013",$153.04,$197.50,13600.0,1700,100.00%
"Mar 31, 2013",$155.88,$197.50,15301.0,1700,100.01%
"Mar 24, 2013",$140.55,$197.50,13467.0,1677,100.38%
"Mar 17, 2013",$135.28,$197.50,13134.0,1677,97.90%
"Mar 10, 2013",$119.74,$197.50,13093.0,1677,97.59%
"Mar 3, 2013",$113.27,$197.50,12635.0,1677,94.18%
"Feb 24, 2013",$122.38,$197.50,14539.0,1677,96.33%
"Feb 17, 2013",$133.94,$197.50,13404.0,1677,99.91%
"Feb 10, 2013",$110.76,$197.50,12042.0,1677,89.76%
"Feb 3, 2013",$108.99,$197.50,12800.0,1677,95.41%
"Jan 27, 2013",$114.22,$197.50,13271.0,1677,98.92%
"Jan 20, 2013",$117.85,$197.50,13132.0,1677,97.88%
"Jan 13, 2013",$122.98,$197.50,13179.0,1677,98.23%
"Jan 6, 2013",$150.36,$197.50,13421.0,1677,100.04%
"Dec 30, 2012",$176.63,$197.50,15097.0,1677,100.03%
"Dec 23, 2012",$158.68,$197.50,13421.0,1677,100.04%
"Dec 16, 2012",$141.16,$197.50,13038.0,1677,97.18%
"Dec 9, 2012",$139.26,$197.50,13164.0,1677,98.12%
"Dec 2, 2012",$130.72,$197.50,12607.0,1677,93.97%
"Nov 25, 2012",$158.43,$197.50,13417.0,1677,100.01%
"Nov 18, 2012",$122.86,$197.50,11413.0,1677,97.22%
"Nov 11, 2012",$123.04,$197.50,12245.0,1677,91.27%
"Nov 4, 2012",$126.55,$197.50,8862.0,1677,88.07%
"Oct 28, 2012",$126.30,$197.50,11331.0,1677,96.52%
"Oct 21, 2012",$129.20,$197.50,13303.0,1677,99.16%
"Oct 14, 2012",$132.93,$197.50,13315.0,1677,99.25%
"Oct 7, 2012",$136.46,$197.50,13419.0,1677,100.02%
"Sep 30, 2012",$119.27,$197.50,13416.0,1677,100.00%
"Sep 23, 2012",$117.66,$197.50,13222.0,1677,98.55%
"Sep 16, 2012",$120.87,$197.50,13230.0,1677,98.61%
"Sep 9, 2012",$117.37,$197.50,13351.0,1677,99.52%
"Sep 2, 2012",$128.27,$197.50,13420.0,1677,100.03%
"Aug 26, 2012",$130.67,$197.50,13418.0,1677,100.02%
"Aug 19, 2012",$145.98,$197.50,13418.0,1677,100.02%
"Aug 12, 2012",$148.77,$197.50,14921.0,1677,98.86%
"Aug 5, 2012",$150.08,$197.50,13419.0,1677,100.02%
"Jul 29, 2012",$152.02,$197.50,13417.0,1677,100.01%
"Jul 22, 2012",$146.99,$197.50,15100.0,1677,100.05%
"Jul 15, 2012",$149.23,$197.50,13418.0,1677,100.02%
"Jul 8, 2012",$149.51,$197.50,13365.0,1677,99.62%
"Jul 1, 2012",$144.94,$197.50,13417.0,1677,100.01%
"Jun 24, 2012",$145.59,$197.50,13417.0,1677,100.01%
"Jun 17, 2012",$139.98,$197.50,13419.0,1677,100.02%
"Jun 10, 2012",$137.63,$197.50,13423.0,1677,100.05%
"Jun 3, 2012",$132.76,$197.50,13420.0,1677,100.03%
"May 27, 2012",$134.81,$197.50,13419.0,1677,100.02%
"May 20, 2012",$137.34,$197.50,13421.0,1677,100.04%
"May 13, 2012",$128.40,$197.50,13374.0,1677,99.69%
"May 6, 2012",$134.23,$197.50,13374.0,1677,99.69%
"Apr 29, 2012",$132.48,$197.50,13299.0,1677,99.13%
"Apr 22, 2012",$135.21,$197.50,13344.0,1677,99.46%
"Apr 15, 2012",$151.01,$197.50,13419.0,1677,100.02%
"Apr 8, 2012",$155.09,$197.50,13419.0,1677,100.02%
"Apr 1, 2012",$137.38,$197.50,13420.0,1677,100.03%
"Mar 25, 2012",$129.84,$197.50,13417.0,1677,100.01%
"Mar 18, 2012",$132.96,$197.50,13242.0,1677,98.70%
"Mar 11, 2012",$120.43,$197.50,12622.0,1677,94.08%
"Mar 4, 2012",$107.38,$197.50,13005.0,1677,96.94%
"Feb 26, 2012",$129.12,$197.50,13421.0,1677,100.04%
"Feb 19, 2012",$124.07,$197.50,13421.0,1677,100.04%
"Feb 12, 2012",$110.03,$197.50,12268.0,1677,91.44%
"Feb 5, 2012",$104.66,$197.50,11721.0,1677,87.37%
"Jan 29, 2012",$109.37,$197.50,12639.0,1677,94.21%
"Jan 22, 2012",$107.84,$197.50,13409.0,1677,99.95%
"Jan 15, 2012",$118.49,$197.50,13419.0,1677,100.02%
"Jan 8, 2012",$143.39,$197.50,13058.0,1677,97.33%
"Jan 1, 2012",$161.91,$197.50,15096.0,1677,100.02%
"Dec 25, 2011",$148.48,$197.50,13345.0,1677,99.47%
"Dec 18, 2011",$138.10,$197.50,13279.0,1677,98.98%
"Dec 11, 2011",$133.55,$197.50,13418.0,1677,100.02%
"Dec 4, 2011",$130.79,$197.50,12865.0,1677,95.89%
"Nov 27, 2011",$154.94,$197.50,13422.0,1677,100.05%
"Nov 20, 2011",$116.15,$197.50,13196.0,1677,98.36%
"Nov 13, 2011",$116.79,$197.50,13423.0,1677,100.05%
"Nov 6, 2011",$117.66,$197.50,13423.0,1677,100.05%
"Oct 30, 2011",$114.69,$197.50,13410.0,1677,99.96%
"Oct 23, 2011",$116.36,$197.50,13419.0,1677,100.02%
"Oct 16, 2011",$124.42,$197.50,13419.0,1677,100.02%
"Oct 9, 2011",$123.70,$197.50,13420.0,1677,100.03%
"Oct 2, 2011",$105.43,$197.50,13419.0,1677,100.02%
"Sep 25, 2011",$100.80,$197.50,13422.0,1677,100.05%
"Sep 18, 2011",$106.09,$197.50,13337.0,1677,99.41%
"Sep 11, 2011",$105.24,$197.50,12345.0,1677,92.02%
"Sep 4, 2011",$118.65,$197.50,13422.0,1677,100.05%
"Aug 28, 2011",$130.57,$197.50,8280.0,1677,98.75%
"Aug 21, 2011",$133.63,$197.50,13398.0,1677,99.87%
"Aug 14, 2011",$137.30,$197.50,13419.0,1677,100.02%
"Aug 7, 2011",$137.91,$197.50,13426.0,1677,100.08%
"Jul 31, 2011",$138.25,$197.50,13422.0,1677,100.05%
"Jul 24, 2011",$138.23,$197.50,13418.0,1677,100.02%
"Jul 17, 2011",$137.25,$197.50,13419.0,1677,100.02%
"Jul 10, 2011",$137.80,$197.50,13421.0,1677,100.04%
"Jul 3, 2011",$130.69,$197.50,13418.0,1677,100.02%
"Jun 26, 2011",$130.28,$197.50,13419.0,1677,100.02%
"Jun 19, 2011",$129.36,$197.50,13408.0,1677,99.94%
"Jun 12, 2011",$126.02,$197.50,13412.0,1677,99.97%
"Jun 5, 2011",$123.99,$197.50,13358.0,1677,99.57%
"May 29, 2011",$123.18,$197.50,13419.0,1677,100.02%
"May 22, 2011",$122.89,$250.00,13422.0,1677,100.05%
"May 15, 2011",$120.49,$250.00,12968.0,1677,96.66%
"May 8, 2011",$119.34,$250.00,13421.0,1677,100.04%
"May 1, 2011",$134.58,$250.00,13037.0,1677,97.18%
"Apr 24, 2011",$142.38,$250.00,13422.0,1677,100.05%
"Apr 17, 2011",$120.85,$250.00,13402.0,1677,99.90%
"Apr 10, 2011",$116.36,$250.00,13412.0,1677,99.97%
"Apr 3, 2011",$118.12,$250.00,13384.0,1677,99.76%
"Mar 27, 2011",$118.79,$250.00,13281.0,1677,98.99%
"Mar 20, 2011",$120.15,$250.00,13421.0,1677,100.04%
"Mar 13, 2011",$116.48,$250.00,12868.0,1677,95.92%
"Mar 6, 2011",$104.29,$250.00,11626.0,1677,86.66%
"Feb 27, 2011",$122.47,$250.00,12588.0,1677,93.83%
"Feb 20, 2011",$121.46,$250.00,12636.0,1677,94.19%
"Feb 13, 2011",$104.84,$250.00,12234.0,1677,91.19%
"Feb 6, 2011",$92.59,$250.00,11766.0,1677,87.70%
"Jan 30, 2011",$100.92,$250.00,11288.0,1677,84.14%
"Jan 23, 2011",$107.61,$250.00,9229.0,1677,68.79%
"Jan 16, 2011",$118.99,$250.00,11214.0,1677,83.59%
"Jan 9, 2011",$121.21,$250.00,12793.0,1677,95.36%
"Jan 2, 2011",$148.53,$250.00,13422.0,1677,100.04%
"Dec 26, 2010",$138.85,$250.00,13135.0,1677,97.91%
"Dec 19, 2010",$123.84,$250.00,12693.0,1677,94.61%
"Dec 12, 2010",$120.07,$250.00,13122.0,1677,97.81%
"Dec 5, 2010",$119.17,$250.00,12831.0,1677,95.64%
"Nov 28, 2010",$140.39,$250.00,13324.0,1677,99.31%
"Nov 21, 2010",$112.99,$250.00,11784.0,1677,87.84%
"Nov 14, 2010",$110.22,$250.00,12443.0,1677,92.75%
"Nov 7, 2010",$112.55,$250.00,12141.0,1677,90.50%
"Oct 31, 2010",$106.50,$250.00,11825.0,1677,88.14%
"Oct 24, 2010",$112.81,$250.00,12512.0,1677,93.26%
"Oct 17, 2010",$115.99,$250.00,12523.0,1677,93.34%
"Oct 10, 2010",$117.47,$250.00,13146.0,1677,97.99%
"Oct 3, 2010",$109.49,$250.00,11567.0,1677,86.22%
"Sep 26, 2010",$111.81,$250.00,11353.0,1677,84.62%
"Sep 19, 2010",$110.77,$250.00,10924.0,1677,81.43%
"Sep 12, 2010",$109.78,$250.00,11189.0,1677,83.40%
"Sep 5, 2010",$116.66,$250.00,12582.0,1677,93.78%
"Aug 29, 2010",$119.28,$250.00,12963.0,1677,96.62%
"Aug 22, 2010",$121.61,$250.00,13425.0,1677,100.07%
"Aug 15, 2010",$122.44,$250.00,13422.0,1677,100.04%
"Aug 8, 2010",$121.93,$250.00,13422.0,1677,100.04%
"Aug 1, 2010",$122.44,$250.00,13420.0,1677,100.03%
"Jul 25, 2010",$120.53,$250.00,13418.0,1677,100.01%
"Jul 18, 2010",$120.96,$250.00,13427.0,1677,100.08%
"Jul 11, 2010",$121.74,$250.00,13425.0,1677,100.07%
"Jul 4, 2010",$117.98,$250.00,13421.0,1677,100.04%
"Jun 27, 2010",$115.59,$250.00,13425.0,1677,100.07%
"Jun 20, 2010",$113.86,$250.00,13418.0,1677,100.01%
"Jun 13, 2010",$111.49,$250.00,13418.0,1677,100.01%
"Jun 6, 2010",$109.95,$250.00,13390.0,1677,99.81%
"May 30, 2010",$105.42,$250.00,13423.0,1677,100.05%
"May 23, 2010",$104.85,$250.00,13419.0,1677,100.02%
"May 16, 2010",$103.70,$250.00,13415.0,1677,99.99%
"May 9, 2010",$102.99,$250.00,13316.0,1677,99.25%
"May 2, 2010",$101.26,$250.00,12832.0,1677,95.65%
"Apr 25, 2010",$105.55,$250.00,13386.0,1677,99.78%
"Apr 18, 2010",$105.08,$250.00,13116.0,1677,97.76%
"Apr 11, 2010",$114.07,$250.00,13417.0,1677,100.01%
"Apr 4, 2010",$115.09,$250.00,13421.0,1677,100.04%
"Mar 28, 2010",$102.17,$250.00,13291.0,1677,99.07%
"Mar 21, 2010",$100.56,$250.00,13208.0,1654,99.82%
"Mar 14, 2010",$99.47,$250.00,11976.0,1654,90.51%
"Mar 7, 2010",$92.90,$250.00,11223.0,1654,84.82%
"Feb 28, 2010",$94.99,$250.00,10659.0,1654,80.55%
"Feb 21, 2010",$110.30,$250.00,13190.0,1654,99.68%
"Feb 14, 2010",$104.66,$250.00,11592.0,1654,87.61%
"Feb 7, 2010",$85.40,$250.00,11063.0,1654,83.61%
"Jan 24, 2010",$96.16,$250.00,10706.0,1654,80.91%
"Jan 17, 2010",$104.46,$250.00,12327.0,1654,93.16%
"Jan 10, 2010",$106.05,$250.00,12993.0,1654,98.19%
"Jan 3, 2010",$131.50,$250.00,13233.0,1654,100.01%
"Dec 27, 2009",$129.55,$250.00,13235.0,1654,100.02%
"Dec 20, 2009",$117.15,$250.00,12719.0,1654,96.12%
"Dec 13, 2009",$110.33,$250.00,12949.0,1654,97.86%
"Dec 6, 2009",$107.76,$250.00,12586.0,1654,95.12%
"Nov 29, 2009",$127.89,$250.00,13239.0,1654,100.05%
"Nov 22, 2009",$102.37,$250.00,11635.0,1654,87.93%
"Nov 15, 2009",$101.41,$250.00,11503.0,1654,86.93%
"Nov 8, 2009",$102.13,$250.00,12184.0,1654,92.08%
"Nov 1, 2009",$97.37,$250.00,11671.0,1654,88.20%
"Oct 25, 2009",$101.57,$250.00,12719.0,1654,96.12%
"Oct 18, 2009",$105.89,$250.00,12975.0,1654,98.06%
"Oct 11, 2009",$106.78,$250.00,13238.0,1654,100.05%
"Oct 4, 2009",$101.49,$250.00,11448.0,1654,86.52%
"Sep 27, 2009",$99.99,$250.00,12044.0,1654,91.02%
"Sep 20, 2009",$98.80,$250.00,11369.0,1654,85.92%
"Sep 13, 2009",$97.46,$250.00,11344.0,1654,85.73%
"Sep 6, 2009",$106.63,$250.00,11626.0,1654,87.86%
"Aug 30, 2009",$107.69,$250.00,12543.0,1654,94.79%
"Aug 23, 2009",$109.74,$250.00,13164.0,1654,99.49%
"Aug 16, 2009",$111.80,$250.00,13234.0,1654,100.02%
"Aug 9, 2009",$112.85,$250.00,13234.0,1654,100.02%
"Aug 2, 2009",$111.41,$250.00,13170.0,1654,99.53%
"Jul 26, 2009",$111.32,$250.00,13238.0,1654,100.05%
"Jul 19, 2009",$110.04,$250.00,13230.0,1654,99.98%
"Jul 12, 2009",$109.16,$250.00,13084.0,1654,98.88%
"Jul 5, 2009",$106.84,$250.00,12113.0,1654,91.54%
"Jun 28, 2009",$108.36,$250.00,12656.0,1654,95.65%
"Jun 21, 2009",$100.20,$250.00,13238.0,1654,100.05%
"Jun 14, 2009",$99.16,$250.00,13234.0,1654,100.02%
"Jun 7, 2009",$95.87,$250.00,12669.0,1654,95.75%
"May 31, 2009",$94.26,$250.00,12839.0,1654,97.03%
"May 24, 2009",$86.03,$250.00,13006.0,1654,98.29%
"May 17, 2009",$83.66,$250.00,12658.0,1654,95.66%
"May 10, 2009",$83.73,$250.00,12530.0,1654,94.69%
"May 3, 2009",$81.35,$250.00,12897.0,1654,97.47%
"Apr 26, 2009",$88.21,$250.00,12788.0,1654,96.64%
"Apr 19, 2009",$105.03,$250.00,13199.0,1654,99.75%
"Apr 12, 2009",$106.51,$250.00,13233.0,1654,100.01%
"Apr 5, 2009",$89.08,$250.00,11765.0,1654,88.91%
"Mar 29, 2009",$87.77,$250.00,12530.0,1654,94.69%
"Mar 22, 2009",$89.98,$250.00,12537.0,1654,94.75%
"Mar 15, 2009",$85.55,$250.00,11247.0,1654,85.00%
"Mar 8, 2009",$79.44,$250.00,10240.0,1654,77.39%
"Mar 1, 2009",$77.65,$250.00,11379.0,1654,86.00%
"Feb 22, 2009",$88.62,$250.00,12918.0,1654,97.63%
"Feb 15, 2009",$90.24,$250.00,11644.0,1654,88.00%
"Feb 8, 2009",$73.66,$250.00,11204.0,1654,84.67%
"Feb 1, 2009",$72.82,$250.00,11039.0,1654,83.43%
"Jan 25, 2009",$77.16,$250.00,11165.0,1654,84.38%
"Jan 18, 2009",$84.90,$250.00,12051.0,1654,91.07%
"Jan 11, 2009",$83.12,$250.00,12400.0,1654,93.71%
"Jan 4, 2009",$117.57,$250.00,13235.0,1654,100.02%
"Dec 28, 2008",$117.63,$250.00,13051.0,1654,98.63%
"Dec 21, 2008",$99.20,$250.00,11215.0,1654,84.76%
"Dec 14, 2008",$96.22,$250.00,10978.0,1654,82.97%
"Dec 7, 2008",$98.02,$250.00,10909.0,1654,82.44%
"Nov 30, 2008",$112.53,$250.00,13068.0,1654,98.76%
"Nov 23, 2008",$87.11,$250.00,11116.0,1654,84.01%
"Nov 16, 2008",$88.12,$250.00,10168.0,1654,76.84%
"Nov 9, 2008",$88.08,$250.00,11289.0,1654,85.32%
"Nov 2, 2008",$87.03,$250.00,11334.0,1654,85.66%
"Oct 26, 2008",$90.67,$250.00,11894.0,1654,89.89%
"Oct 19, 2008",$94.42,$250.00,12586.0,1654,95.12%
"Oct 12, 2008",$94.80,$250.00,13120.0,1654,99.15%
"Oct 5, 2008",$86.67,$250.00,12652.0,1654,95.62%
"Sep 28, 2008",$83.90,$250.00,12708.0,1654,96.04%
"Sep 21, 2008",$87.97,$250.00,12266.0,1654,92.70%
"Sep 14, 2008",$87.99,$250.00,12468.0,1654,94.23%
"Sep 7, 2008",$88.98,$250.00,11139.0,1654,84.18%
"Aug 31, 2008",$99.94,$251.25,13235.0,1654,100.02%
"Aug 24, 2008",$99.78,$251.25,13232.0,1654,100.00%
"Aug 17, 2008",$101.19,$251.25,13236.0,1654,100.03%
"Aug 10, 2008",$100.27,$251.25,13232.0,1654,100.00%
"Aug 3, 2008",$101.28,$251.25,13237.0,1654,100.04%
"Jul 27, 2008",$100.08,$251.25,13232.0,1654,100.00%
"Jul 20, 2008",$99.82,$251.25,13235.0,1654,100.02%
"Jul 13, 2008",$99.13,$251.25,13234.0,1654,100.02%
"Jul 6, 2008",$98.09,$251.25,13239.0,1654,100.05%
"Jun 29, 2008",$98.26,$251.25,13238.0,1654,100.05%
"Jun 22, 2008",$96.83,$251.25,13234.0,1654,100.02%
"Jun 15, 2008",$94.75,$251.25,13134.0,1654,99.26%
"Jun 8, 2008",$93.32,$251.25,13242.0,1654,100.08%
"Jun 1, 2008",$91.82,$251.25,13017.0,1654,98.38%
"May 25, 2008",$94.54,$251.25,13234.0,1654,100.02%
"May 18, 2008",$93.15,$251.25,13112.0,1654,99.09%
"May 11, 2008",$90.67,$251.25,12923.0,1654,97.66%
"May 4, 2008",$93.66,$251.25,13129.0,1654,99.22%
"Apr 27, 2008",$100.16,$251.25,12951.0,1654,97.88%
"Apr 20, 2008",$93.33,$251.25,13154.0,1654,99.41%
"Apr 13, 2008",$92.79,$251.25,13003.0,1654,98.27%
"Apr 6, 2008",$91.32,$251.25,13116.0,1654,99.12%
"Mar 30, 2008",$94.55,$251.25,13223.0,1654,99.93%
"Mar 23, 2008",$99.99,$251.25,13235.0,1654,100.02%
"Mar 16, 2008",$90.11,$251.25,12947.0,1654,97.85%
"Mar 9, 2008",$83.00,$251.25,11802.0,1654,89.19%
"Mar 2, 2008",$83.93,$251.25,11583.0,1654,87.54%
"Feb 24, 2008",$93.11,$251.25,11857.0,1654,89.61%
"Feb 17, 2008",$90.05,$251.25,12979.0,1654,98.09%
"Feb 10, 2008",$80.34,$251.25,11986.0,1654,90.58%
"Feb 3, 2008",$81.97,$251.25,10684.0,1654,80.74%
"Jan 27, 2008",$83.90,$251.25,11261.0,1654,85.10%
"Jan 20, 2008",$88.23,$251.25,11904.0,1654,89.96%
"Jan 13, 2008",$84.32,$251.25,12156.0,1654,91.87%
"Jan 6, 2008",$99.80,$251.25,12975.0,1654,98.06%
"Dec 30, 2007",$118.76,$251.25,13236.0,1654,100.03%
"Dec 23, 2007",$107.26,$251.25,12694.0,1654,95.93%
"Dec 16, 2007",$96.95,$251.25,11616.0,1654,87.79%
"Dec 9, 2007",$96.03,$251.25,12413.0,1654,93.81%
"Dec 2, 2007",$96.66,$251.25,9499.0,1654,95.72%
"Nov 25, 2007",$0.00,$251.25,,0,0.00%
"Nov 18, 2007",$0.00,$251.25,,0,0.00%
"Nov 11, 2007",$81.62,$251.25,6219.0,1654,94.00%
"Nov 4, 2007",$89.07,$251.25,12279.0,1654,92.80%
"Oct 28, 2007",$89.82,$251.25,12958.0,1654,97.93%
"Oct 21, 2007",$90.77,$251.25,13003.0,1654,98.27%
"Oct 14, 2007",$91.75,$251.25,12602.0,1654,95.24%
"Oct 7, 2007",$92.11,$251.25,12718.0,1654,96.12%
"Sep 30, 2007",$86.50,$251.25,11820.0,1654,89.33%
"Sep 23, 2007",$86.44,$251.25,12127.0,1654,91.65%
"Sep 16, 2007",$86.71,$251.25,11383.0,1654,86.03%
"Sep 9, 2007",$88.74,$251.25,10637.0,1654,80.39%
"Sep 2, 2007",$96.74,$251.25,13050.0,1654,98.62%
"Aug 26, 2007",$99.04,$251.25,13159.0,1654,99.45%
"Aug 19, 2007",$99.94,$251.25,13237.0,1654,100.04%
"Aug 12, 2007",$99.79,$251.25,13234.0,1654,100.02%
"Aug 5, 2007",$100.09,$251.25,13235.0,1654,100.02%
"Jul 29, 2007",$99.12,$251.25,13235.0,1654,100.02%
"Jul 22, 2007",$96.97,$251.25,13234.0,1654,100.02%
"Jul 15, 2007",$97.63,$251.25,13233.0,1654,100.01%
"Jul 8, 2007",$97.33,$251.25,12999.0,1654,98.24%
"Jul 1, 2007",$96.04,$251.25,13237.0,1654,100.04%
"Jun 24, 2007",$94.37,$251.25,13236.0,1654,100.03%
"Jun 17, 2007",$93.92,$251.25,13235.0,1654,100.02%
"Jun 10, 2007",$91.48,$251.25,13233.0,1654,100.01%
"Jun 3, 2007",$90.19,$251.25,13004.0,1654,98.28%
"May 27, 2007",$90.02,$251.25,13182.0,1654,99.62%
"May 20, 2007",$89.08,$251.25,13058.0,1654,98.69%
"May 13, 2007",$88.71,$251.25,12508.0,1654,94.53%
"May 6, 2007",$88.65,$251.25,12652.0,1654,95.62%
"Apr 29, 2007",$88.95,$251.25,12943.0,1654,97.82%
"Apr 22, 2007",$90.44,$251.25,12904.0,1654,97.52%
"Apr 15, 2007",$90.49,$251.25,13231.0,1654,99.99%
"Apr 8, 2007",$99.00,$251.25,13240.0,1654,100.06%
"Apr 1, 2007",$90.18,$251.25,13235.0,1654,100.02%
"Mar 25, 2007",$91.17,$251.25,12689.0,1598,99.26%
"Mar 18, 2007",$89.04,$251.25,12687.0,1598,99.24%
"Mar 11, 2007",$89.05,$251.25,11534.0,1598,90.22%
"Mar 4, 2007",$85.14,$251.25,10479.0,1598,81.97%
"Feb 25, 2007",$93.09,$250.00,12091.0,1598,94.58%
"Feb 18, 2007",$92.80,$250.00,12094.0,1598,94.60%
"Feb 11, 2007",$84.62,$250.00,10640.0,1598,83.23%
"Feb 4, 2007",$79.46,$250.00,10261.0,1598,80.26%
"Jan 28, 2007",$83.40,$250.00,10951.0,1598,85.66%
"Jan 21, 2007",$82.35,$250.00,10492.0,1598,82.07%
"Jan 14, 2007",$89.46,$250.00,11543.0,1598,90.29%
"Jan 7, 2007",$96.90,$250.00,12620.0,1598,98.72%
"Dec 31, 2006",$114.72,$250.00,12787.0,1598,100.02%
"Dec 24, 2006",$108.43,$250.00,12252.0,1598,95.84%
"Dec 17, 2006",$96.78,$250.00,11639.0,1598,91.04%
"Dec 10, 2006",$95.97,$250.00,12295.0,1598,96.17%
"Dec 3, 2006",$97.13,$250.00,11185.0,1598,87.49%
"Nov 26, 2006",$110.45,$250.00,12702.0,1598,99.36%
"Nov 19, 2006",$95.26,$250.00,10765.0,1598,84.21%
"Nov 12, 2006",$91.31,$250.00,11603.0,1598,90.76%
"Nov 5, 2006",$89.36,$250.00,11663.0,1598,91.23%
"Oct 29, 2006",$91.52,$250.00,11226.0,1598,87.81%
"Oct 22, 2006",$93.37,$250.00,11703.0,1598,91.54%
"Oct 15, 2006",$93.59,$250.00,12335.0,1598,96.49%
"Oct 8, 2006",$95.52,$250.00,11516.0,1598,90.08%
"Oct 1, 2006",$92.69,$250.00,10492.0,1598,82.07%
"Sep 24, 2006",$88.34,$250.00,9644.0,1598,75.44%
"Sep 17, 2006",$86.15,$250.00,9885.0,1598,77.32%
"Sep 10, 2006",$88.95,$250.00,8904.0,1598,69.65%
"Sep 3, 2006",$97.08,$250.00,12029.0,1598,94.09%
"Aug 27, 2006",$96.35,$250.00,12335.0,1598,96.49%
"Aug 20, 2006",$96.53,$250.00,12645.0,1598,98.91%
"Aug 13, 2006",$96.79,$250.00,12790.0,1598,100.05%
"Aug 6, 2006",$98.08,$250.00,12784.0,1598,100.00%
"Jul 30, 2006",$98.08,$250.00,12787.0,1598,100.02%
"Jul 23, 2006",$98.55,$250.00,12785.0,1598,100.01%
"Jul 16, 2006",$97.22,$250.00,12785.0,1598,100.01%
"Jul 9, 2006",$96.24,$250.00,12546.0,1598,98.14%
"Jul 2, 2006",$95.79,$250.00,12790.0,1598,100.05%
"Jun 25, 2006",$92.12,$250.00,12785.0,1598,100.01%
"Jun 18, 2006",$93.44,$250.00,12787.0,1598,100.02%
"Jun 4, 2006",$85.16,$200.00,14148.0,1801,98.20%
"May 28, 2006",$86.19,$200.00,14345.0,1801,99.56%
"May 21, 2006",$85.15,$200.00,14178.0,1801,98.40%
"May 14, 2006",$85.15,$200.00,13438.0,1801,93.27%
"May 7, 2006",$83.85,$200.00,13498.0,1801,93.68%
"Apr 30, 2006",$84.03,$200.00,13771.0,1801,95.58%
"Apr 23, 2006",$86.39,$200.00,14529.0,1801,100.84%
"Apr 16, 2006",$88.08,$200.00,14556.0,1801,101.03%
"Apr 9, 2006",$84.21,$200.00,13978.0,1801,97.02%
"Apr 2, 2006",$85.11,$200.00,14260.0,1801,98.97%
"Mar 26, 2006",$85.71,$200.00,14290.0,1801,99.18%
"Mar 19, 2006",$84.55,$200.00,14437.0,1801,100.20%
"Mar 12, 2006",$81.50,$200.00,14499.0,1801,100.63%
"Mar 5, 2006",$83.74,$200.00,12430.0,1801,86.27%
"Feb 26, 2006",$87.42,$200.00,14420.0,1801,100.08%
"Feb 19, 2006",$85.42,$200.00,12580.0,1801,87.31%
"Feb 12, 2006",$82.67,$200.00,11928.0,1801,82.79%
"Feb 5, 2006",$81.57,$200.00,11006.0,1801,76.39%
"Jan 29, 2006",$99.10,$200.00,9861.0,1801,68.44%
"Jan 22, 2006",$82.46,$200.00,11670.0,1801,81.00%
"Jan 15, 2006",$83.67,$200.00,13142.0,1801,91.21%
"Jan 8, 2006",$84.44,$200.00,14426.0,1801,100.12%
"Jan 1, 2006",$99.83,$200.00,14580.0,1801,101.19%
"Dec 25, 2005",$98.39,$200.00,14491.0,1801,100.58%
"Dec 18, 2005",$84.58,$200.00,14020.0,1801,97.31%
"Dec 11, 2005",$84.54,$200.00,14423.0,1801,100.10%
"Dec 4, 2005",$83.44,$200.00,13511.0,1801,93.77%
"Nov 27, 2005",$96.93,$200.00,14590.0,1801,101.26%
"Nov 20, 2005",$82.58,$100.00,13171.0,1801,91.41%
"Nov 13, 2005",$81.87,$100.00,13629.0,1801,94.59%
"Nov 6, 2005",$81.00,$100.00,13081.0,1801,90.79%
"Oct 30, 2005",$80.49,$100.00,14054.0,1801,97.54%
"Oct 23, 2005",$80.97,$100.00,14060.0,1801,97.58%
"Oct 16, 2005",$80.90,$100.00,14100.0,1801,97.86%
"Oct 9, 2005",$81.40,$100.00,14223.0,1801,98.72%
"Oct 2, 2005",$80.13,$100.00,13110.0,1801,90.99%
"Sep 25, 2005",$80.06,$100.00,13356.0,1801,92.70%
"Sep 18, 2005",$81.50,$100.00,12438.0,1801,86.33%
"Sep 11, 2005",$81.29,$100.00,12221.0,1801,84.82%
"Sep 4, 2005",$82.27,$100.00,14261.0,1801,98.98%
"Aug 28, 2005",$82.41,$100.00,14559.0,1801,101.05%
"Aug 21, 2005",$83.17,$100.00,14541.0,1801,100.92%
"Aug 14, 2005",$83.45,$100.00,14568.0,1801,101.11%
"Aug 7, 2005",$83.33,$100.00,14562.0,1801,101.07%
"Jul 31, 2005",$83.39,$100.00,14573.0,1801,101.15%
"Jul 24, 2005",$82.99,$100.00,14550.0,1801,100.99%
"Jul 17, 2005",$82.80,$100.00,14557.0,1801,101.03%
"Jul 10, 2005",$82.54,$100.00,14529.0,1801,100.84%
"Jul 3, 2005",$82.79,$100.00,14538.0,1801,100.90%
"Jun 26, 2005",$82.53,$100.00,14488.0,1801,100.56%
"Jun 19, 2005",$82.10,$100.00,14472.0,1801,100.44%
"Jun 12, 2005",$81.04,$100.00,14472.0,1801,100.44%
"Jun 5, 2005",$81.03,$100.00,14438.0,1801,100.21%
"May 29, 2005",$81.05,$100.00,14512.0,1801,100.72%
"May 22, 2005",$80.79,$100.00,14491.0,1801,100.58%
"May 15, 2005",$80.81,$100.00,14321.0,1801,99.40%
"May 8, 2005",$81.00,$100.00,14485.0,1801,100.53%
"May 1, 2005",$81.11,$100.00,14481.0,1801,100.51%
"Apr 24, 2005",$81.06,$100.00,14488.0,1801,100.56%
"Apr 17, 2005",$81.19,$100.00,14302.0,1801,99.26%
"Apr 10, 2005",$80.66,$100.00,14441.0,1801,100.23%
"Apr 3, 2005",$81.51,$100.00,14488.0,1801,100.56%
"Mar 27, 2005",$81.96,$100.00,14539.0,1801,100.91%
"Mar 20, 2005",$81.50,$100.00,14499.0,1801,100.63%
"Mar 13, 2005",$78.93,$100.00,14223.0,1801,98.72%
"Mar 6, 2005",$78.00,$100.00,13338.0,1801,92.57%
"Feb 27, 2005",$81.66,$100.00,14475.0,1801,100.47%
"Feb 20, 2005",$80.25,$100.00,13714.0,1801,95.18%
"Feb 13, 2005",$78.35,$100.00,13453.0,1801,93.37%
"Feb 6, 2005",$77.60,$100.00,12110.0,1801,84.05%
"Jan 30, 2005",$78.55,$100.00,12187.0,1801,84.58%
"Jan 23, 2005",$77.85,$100.00,12380.0,1801,85.92%
"Jan 16, 2005",$79.43,$100.00,13514.0,1801,93.80%
"Jan 9, 2005",$79.86,$100.00,14443.0,1801,100.24%
"Jan 2, 2005",$90.81,$100.00,14585.0,1801,101.23%
"Dec 26, 2004",$91.04,$100.00,14589.0,1801,101.26%
"Dec 19, 2004",$79.82,$100.00,14561.0,1801,101.06%
"Dec 12, 2004",$80.67,$100.00,14527.0,1801,100.83%
"Dec 5, 2004",$80.62,$100.00,14116.0,1801,97.97%
"Nov 28, 2004",$87.42,$100.00,14572.0,1801,101.14%
"Nov 21, 2004",$79.81,$100.00,13290.0,1801,92.24%
"Nov 14, 2004",$79.96,$100.00,14041.0,1801,97.45%
"Nov 7, 2004",$79.99,$100.00,13806.0,1801,95.82%
"Oct 31, 2004",$78.79,$100.00,13163.0,1801,91.36%
"Oct 24, 2004",$79.41,$100.00,14230.0,1801,98.76%
"Oct 17, 2004",$79.37,$100.00,14276.0,1801,99.08%
"Oct 10, 2004",$80.96,$100.00,13754.0,1801,95.46%
"Oct 3, 2004",$79.32,$100.00,13156.0,1801,91.31%
"Sep 26, 2004",$79.60,$100.00,13664.0,1801,94.84%
"Sep 19, 2004",$78.91,$100.00,13654.0,1801,94.77%
"Sep 12, 2004",$78.86,$100.00,12433.0,1801,86.29%
"Sep 5, 2004",$79.19,$100.00,11584.0,1801,80.40%
"Aug 29, 2004",$80.37,$100.00,14539.0,1801,100.91%
"Aug 22, 2004",$80.29,$100.00,14569.0,1801,101.12%
"Aug 15, 2004",$80.27,$100.00,14561.0,1793,101.51%
"Aug 8, 2004",$81.04,$100.00,14552.0,1793,101.45%
"Aug 1, 2004",$80.08,$100.00,14556.0,1793,101.48%
"Jul 25, 2004",$80.16,$100.00,14534.0,1793,101.32%
"Jul 18, 2004",$79.81,$100.00,14540.0,1793,101.37%
"Jul 11, 2004",$80.13,$100.00,14507.0,1793,101.14%
"Jul 4, 2004",$79.99,$100.00,14544.0,1793,101.39%
"Jun 27, 2004",$79.15,$100.00,14528.0,1793,101.28%
"Jun 20, 2004",$78.65,$100.00,14536.0,1793,101.34%
"Jun 13, 2004",$78.07,$100.00,14530.0,1793,101.30%
"Jun 6, 2004",$78.25,$100.00,14402.0,1793,100.40%
"May 30, 2004",$78.25,$100.00,14487.0,1793,101.00%
"May 23, 2004",$78.02,$100.00,14501.0,1793,101.09%
"May 16, 2004",$78.04,$100.00,14483.0,1793,100.97%
"May 9, 2004",$78.04,$100.00,13990.0,1793,97.53%
"May 2, 2004",$77.44,$100.00,14520.0,1793,101.23%
"Apr 25, 2004",$77.48,$100.00,14509.0,1793,101.15%
"Apr 18, 2004",$77.49,$100.00,14531.0,1793,101.30%
"Apr 11, 2004",$77.83,$100.00,14539.0,1793,101.36%
"Apr 4, 2004",$77.01,$100.00,14452.0,1793,100.75%
"Mar 28, 2004",$76.79,$100.00,14516.0,1793,101.20%
"Mar 21, 2004",$75.87,$100.00,14517.0,1793,101.21%
"Mar 14, 2004",$75.85,$100.00,14397.0,1793,100.37%
"Mar 7, 2004",$83.60,$100.00,13689.0,1793,95.43%
"Feb 29, 2004",$76.66,$100.00,13594.0,1793,94.77%
"Feb 22, 2004",$77.88,$100.00,14530.0,1793,101.30%
"Feb 15, 2004",$76.11,$100.00,13396.0,1793,93.39%
"Feb 8, 2004",$77.20,$100.00,12378.0,1793,86.29%
"Feb 1, 2004",$77.24,$100.00,11913.0,1793,83.05%
"Jan 25, 2004",$76.43,$100.00,12860.0,1793,89.65%
"Jan 18, 2004",$76.49,$100.00,13491.0,1793,94.05%
"Jan 11, 2004",$77.02,$100.00,14366.0,1793,100.15%
"Jan 4, 2004",$87.40,$240.00,14585.0,1793,101.68%
"Dec 28, 2003",$87.69,$240.00,14580.0,1793,101.65%
"Dec 21, 2003",$78.04,$240.00,14545.0,1793,101.40%
"Dec 14, 2003",$77.79,$240.00,14493.0,1793,101.04%
"Dec 7, 2003",$77.77,$240.00,14459.0,1793,100.80%
"Nov 30, 2003",$84.34,$240.00,14569.0,1793,101.57%
"Nov 23, 2003",$77.43,$240.00,13758.0,1793,95.91%
"Nov 16, 2003",$77.46,$240.00,13846.0,1793,96.53%
"Nov 9, 2003",$77.65,$240.00,14210.0,1793,99.07%
"Nov 2, 2003",$77.11,$240.00,14237.0,1793,99.25%
"Oct 26, 2003",$76.98,$240.00,14428.0,1793,100.59%
"Oct 19, 2003",$76.75,$240.00,14540.0,1793,101.37%
"Oct 12, 2003",$77.04,$240.00,14187.0,1793,98.91%
"Oct 5, 2003",$76.71,$240.00,13603.0,1793,94.83%
"Sep 28, 2003",$75.16,$240.00,13814.0,1793,96.31%
"Sep 21, 2003",$77.21,$240.00,13128.0,1793,91.52%
"Sep 14, 2003",$76.58,$240.00,12887.0,1793,89.84%
"Sep 7, 2003",$77.03,$240.00,12921.0,1793,90.08%
"Aug 31, 2003",$77.80,$240.00,14574.0,1793,101.60%
"Aug 24, 2003",$77.81,$240.00,14571.0,1793,101.58%
"Aug 17, 2003",$77.40,$240.00,12689.0,1793,101.10%
"Aug 10, 2003",$77.54,$240.00,14526.0,1793,101.27%
"Aug 3, 2003",$77.59,$240.00,14525.0,1793,101.26%
"Jul 27, 2003",$77.41,$240.00,14513.0,1793,101.18%
"Jul 20, 2003",$77.45,$240.00,14485.0,1793,100.98%
"Jul 13, 2003",$77.48,$240.00,14479.0,1793,100.94%
"Jul 6, 2003",$77.30,$240.00,14276.0,1793,99.53%
"Jun 29, 2003",$77.20,$240.00,14466.0,1793,100.85%
"Jun 22, 2003",$76.80,$240.00,14435.0,1793,100.63%
"Jun 15, 2003",$76.93,$240.00,14347.0,1793,100.02%
"Jun 8, 2003",$76.87,$240.00,14329.0,1793,99.90%
"Jun 1, 2003",$76.76,$240.00,13699.0,1793,95.50%
"May 25, 2003",$76.99,$240.00,14377.0,1793,100.23%
"May 18, 2003",$76.99,$240.00,14449.0,1793,100.73%
"May 11, 2003",$76.62,$240.00,13245.0,1793,92.34%
"May 4, 2003",$76.64,$240.00,13623.0,1793,94.97%
"Apr 27, 2003",$77.00,$240.00,14457.0,1793,100.79%
"Apr 20, 2003",$77.51,$240.00,14443.0,1793,100.69%
"Apr 13, 2003",$76.88,$240.00,13434.0,1793,93.66%
"Apr 6, 2003",$75.97,$240.00,12852.0,1793,89.60%
"Mar 30, 2003",$75.43,$240.00,14349.0,1793,100.03%
"Mar 23, 2003",$75.84,$240.00,14422.0,1793,100.54%
"Mar 16, 2003",$76.35,$240.00,13894.0,1793,96.86%
"Mar 9, 2003",$72.71,$240.00,5862.0,1793,81.73%
"Mar 2, 2003",$76.10,$240.00,12887.0,1793,89.84%
"Feb 23, 2003",$77.31,$240.00,14455.0,1793,100.77%
"Feb 16, 2003",$76.75,$240.00,13945.0,1793,97.22%
"Feb 9, 2003",$76.91,$240.00,12359.0,1793,86.16%
"Feb 2, 2003",$90.39,$240.00,10241.0,1793,71.40%
"Jan 26, 2003",$76.88,$240.00,12484.0,1793,87.03%
"Jan 19, 2003",$77.24,$240.00,13636.0,1793,95.06%
"Jan 12, 2003",$77.20,$240.00,13677.0,1793,95.35%
"Jan 5, 2003",$87.64,$240.00,14524.0,1793,101.25%
"Dec 29, 2002",$87.91,$240.00,14532.0,1793,101.31%
"Dec 22, 2002",$77.15,$100.00,14479.0,1793,100.94%
"Dec 15, 2002",$77.11,$100.00,14485.0,1793,100.98%
"Dec 8, 2002",$77.14,$100.00,14488.0,1793,101.00%
"Dec 1, 2002",$76.84,$100.00,14521.0,1793,101.23%
"Nov 24, 2002",$76.61,$100.00,14283.0,1793,99.57%
"Nov 17, 2002",$76.55,$100.00,13968.0,1793,97.38%
"Nov 10, 2002",$76.56,$100.00,14489.0,1793,101.01%
"Nov 3, 2002",$76.78,$100.00,13996.0,1793,97.57%
"Oct 27, 2002",$76.80,$100.00,14458.0,1793,100.79%
"Oct 20, 2002",$76.63,$100.00,14495.0,1793,101.05%
"Oct 13, 2002",$75.14,$100.00,14527.0,1793,101.28%
"Oct 6, 2002",$76.23,$100.00,14257.0,1793,99.39%
"Sep 29, 2002",$76.19,$100.00,14284.0,1793,99.58%
"Sep 22, 2002",$75.77,$100.00,14290.0,1793,99.62%
"Sep 15, 2002",$75.85,$100.00,12923.0,1793,90.09%
"Sep 8, 2002",$76.66,$100.00,14068.0,1793,98.08%
"Sep 1, 2002",$76.20,$100.00,14503.0,1793,101.11%
"Aug 25, 2002",$75.59,$100.00,14503.0,1793,101.11%
"Aug 18, 2002",$75.40,$100.00,14515.0,1793,101.19%
"Aug 11, 2002",$75.24,$100.00,14514.0,1793,101.19%
"Aug 4, 2002",$75.00,$100.00,14515.0,1793,101.19%
"Jul 28, 2002",$74.73,$100.00,14522.0,1793,101.24%
"Jul 21, 2002",$75.03,$100.00,14510.0,1793,101.16%
"Jul 14, 2002",$75.11,$100.00,14515.0,1793,101.19%
"Jul 7, 2002",$75.13,$100.00,14520.0,1793,101.23%
"Jun 30, 2002",$74.42,$100.00,14521.0,1793,101.23%
"Jun 23, 2002",$73.45,$100.00,14515.0,1793,101.19%
"Jun 16, 2002",$73.39,$100.00,14511.0,1793,101.16%
"Jun 9, 2002",$73.28,$100.00,14515.0,1793,101.19%
"Jun 2, 2002",$73.70,$100.00,14518.0,1793,101.21%
"May 26, 2002",$73.56,$100.00,14520.0,1793,101.23%
"May 19, 2002",$73.57,$100.00,14518.0,1793,101.21%
"May 12, 2002",$73.46,$100.00,14513.0,1793,101.18%
"May 5, 2002",$74.26,$100.00,16313.0,1793,101.09%
"Apr 28, 2002",$73.64,$100.00,14516.0,1793,101.20%
"Apr 21, 2002",$73.25,$100.00,14524.0,1793,101.25%
"Apr 14, 2002",$73.21,$100.00,14523.0,1793,101.25%
"Apr 7, 2002",$73.30,$100.00,14527.0,1793,101.28%
"Mar 31, 2002",$73.20,$100.00,14529.0,1793,101.29%
"Mar 24, 2002",$73.20,$100.00,14532.0,1793,101.31%
"Mar 17, 2002",$73.52,$100.00,14505.0,1793,101.12%
"Mar 10, 2002",$73.40,$100.00,14512.0,1793,101.17%
"Mar 3, 2002",$73.95,$100.00,14494.0,1793,101.05%
"Feb 24, 2002",$73.33,$100.00,14532.0,1793,101.31%
"Feb 17, 2002",$73.12,$100.00,14483.0,1793,100.97%
"Feb 10, 2002",$73.24,$90.00,14344.0,1793,100.00%
"Feb 3, 2002",$73.39,$90.00,14316.0,1793,99.80%
"Jan 27, 2002",$72.87,$90.00,14523.0,1793,101.25%
"Jan 20, 2002",$72.29,$90.00,14511.0,1793,101.16%
"Jan 13, 2002",$72.37,$90.00,14487.0,1793,101.00%
"Jan 6, 2002",$70.35,$90.00,14521.0,1793,101.23%
"Dec 30, 2001",$77.69,$90.00,14518.0,1793,101.21%
"Dec 23, 2001",$71.93,$90.00,14528.0,1793,101.28%
"Dec 16, 2001",$71.29,$90.00,14521.0,1793,101.23%
"Dec 9, 2001",$70.77,$90.00,14523.0,1793,101.25%
"Dec 2, 2001",$71.24,$90.00,14499.0,1793,101.08%
"Nov 25, 2001",$71.33,$90.00,14522.0,1793,101.24%
"Nov 18, 2001",$71.04,$90.00,14515.0,1793,101.19%
"Nov 11, 2001",$71.32,$90.00,14520.0,1793,101.23%
"Nov 4, 2001",$68.81,$90.00,14521.0,1793,101.23%
"Oct 28, 2001",$69.13,$90.00,14528.0,1793,101.28%
"Oct 21, 2001",$69.66,$90.00,14505.0,1793,101.12%
"Oct 14, 2001",$69.78,$90.00,14518.0,1793,101.21%
"Oct 7, 2001",$70.52,$90.00,14524.0,1793,101.25%
"Sep 30, 2001",$71.09,$90.00,14524.0,1793,101.25%
"Sep 23, 2001",$77.59,$90.00,12096.0,1793,84.33%
"Sep 16, 2001",$66.22,$90.00,5737.0,1793,53.33%
"Sep 9, 2001",$70.73,$90.00,14503.0,1793,101.11%
"Sep 2, 2001",$70.79,$90.00,14518.0,1793,101.21%
"Aug 26, 2001",$70.85,$90.00,14521.0,1793,101.23%
"Aug 19, 2001",$70.84,$90.00,14523.0,1793,101.25%
"Aug 12, 2001",$70.51,$90.00,14516.0,1793,101.20%
"Aug 5, 2001",$71.27,$90.00,14522.0,1793,101.24%
"Jul 29, 2001",$70.25,$90.00,14530.0,1793,101.30%
"Jul 22, 2001",$70.01,$90.00,14516.0,1793,101.20%
"Jul 15, 2001",$69.85,$90.00,14508.0,1793,101.14%
"Jul 8, 2001",$70.12,$90.00,14516.0,1793,101.20%
"Jul 1, 2001",$69.64,$90.00,14519.0,1793,101.22%
"Jun 24, 2001",$69.48,$90.00,14507.0,1793,101.14%
"Jun 17, 2001",$69.35,$90.00,14503.0,1793,101.11%
"Jun 10, 2001",$69.61,$90.00,14496.0,1793,101.06%
"Jun 3, 2001",$69.35,$90.00,14519.0,1793,101.22%
"May 27, 2001",$69.29,$90.00,14507.0,1793,101.14%
"May 20, 2001",$69.27,$90.00,14499.0,1793,101.08%
"May 13, 2001",$69.30,$90.00,14507.0,1793,101.14%
"May 6, 2001",$68.95,$90.00,14501.0,1793,101.09%
"Apr 29, 2001",$68.85,$90.00,14508.0,1793,101.14%
"Apr 22, 2001",$68.77,$90.00,14512.0,1793,101.17%
"Apr 15, 2001",$68.70,$90.00,14511.0,1793,101.16%
"Apr 8, 2001",$69.08,$90.00,14503.0,1793,101.11%
"Apr 1, 2001",$68.91,$90.00,14509.0,1793,101.15%
"Mar 25, 2001",$68.96,$90.00,14511.0,1793,101.16%
"Mar 18, 2001",$68.93,$90.00,14512.0,1793,101.17%
"Mar 11, 2001",$69.00,$90.00,14516.0,1793,101.20%
"Mar 4, 2001",$69.09,$90.00,14513.0,1793,101.18%
"Feb 25, 2001",$69.21,$90.00,14501.0,1793,101.09%
"Feb 18, 2001",$69.29,$90.00,14515.0,1793,101.19%
"Feb 11, 2001",$69.37,$90.00,14516.0,1793,101.20%
"Feb 4, 2001",$69.46,$90.00,14514.0,1793,101.19%
"Jan 28, 2001",$69.37,$90.00,14525.0,1793,101.26%
"Jan 21, 2001",$70.15,$90.00,14525.0,1793,101.26%
"Jan 14, 2001",$69.23,$90.00,14521.0,1793,101.23%
"Jan 7, 2001",$69.24,$90.00,14527.0,1793,101.28%
"Dec 31, 2000",$76.81,$95.00,14528.0,1793,101.28%
"Dec 24, 2000",$76.70,$90.00,14521.0,1793,101.23%
"Dec 17, 2000",$67.25,$90.00,14519.0,1793,101.22%
"Dec 10, 2000",$66.90,$90.00,14519.0,1793,101.22%
"Dec 3, 2000",$67.20,$90.00,14517.0,1793,101.21%
"Nov 26, 2000",$69.18,$90.00,14522.0,1793,101.24%
"Nov 19, 2000",$67.09,$90.00,14508.0,1793,101.14%
"Nov 12, 2000",$67.29,$90.00,14516.0,1793,101.20%
"Nov 5, 2000",$67.10,$90.00,14520.0,1793,101.23%
"Oct 29, 2000",$67.40,$90.00,14519.0,1793,101.22%
"Oct 22, 2000",$67.39,$90.00,14515.0,1793,101.19%
"Oct 15, 2000",$67.35,$90.00,14517.0,1793,101.21%
"Oct 8, 2000",$67.34,$90.00,14518.0,1793,101.21%
"Oct 1, 2000",$66.75,$90.00,14517.0,1793,101.21%
"Sep 24, 2000",$66.90,$90.00,14519.0,1793,101.22%
"Sep 17, 2000",$66.83,$90.00,14515.0,1793,101.19%
"Sep 10, 2000",$66.80,$90.00,14522.0,1793,101.24%
"Sep 3, 2000",$67.26,$90.00,14518.0,1793,101.21%
"Aug 27, 2000",$66.46,$90.00,14512.0,1793,101.17%
"Aug 20, 2000",$67.04,$90.00,14515.0,1793,101.19%
"Aug 13, 2000",$67.08,$90.00,14519.0,1793,101.22%
"Aug 6, 2000",$67.02,$90.00,14518.0,1793,101.21%
"Jul 30, 2000",$67.10,$90.00,14528.0,1793,101.28%
"Jul 23, 2000",$66.89,$90.00,14517.0,1793,101.21%
"Jul 16, 2000",$66.61,$90.00,14511.0,1793,101.16%
"Jul 9, 2000",$66.78,$90.00,14517.0,1793,101.21%
"Jul 2, 2000",$66.72,$90.00,14514.0,1793,101.19%
"Jun 25, 2000",$66.26,$90.00,14508.0,1793,101.14%
"Jun 18, 2000",$66.44,$90.00,14517.0,1793,101.21%
"Jun 11, 2000",$65.94,$90.00,14508.0,1793,101.14%
"Jun 4, 2000",$66.41,$90.00,14521.0,1793,101.23%
"May 28, 2000",$66.34,$90.00,14514.0,1793,101.19%
"May 21, 2000",$66.46,$90.00,14510.0,1793,101.16%
"May 14, 2000",$66.36,$90.00,14513.0,1793,101.18%
"May 7, 2000",$66.11,$90.00,14514.0,1793,101.19%
"Apr 30, 2000",$66.24,$90.00,14519.0,1793,101.22%
"Apr 23, 2000",$66.45,$90.00,14518.0,1793,101.21%
"Apr 16, 2000",$66.14,$90.00,14514.0,1793,101.19%
"Apr 9, 2000",$66.09,$90.00,14500.0,1793,101.09%
"Apr 2, 2000",$66.22,$90.00,14509.0,1793,101.15%
"Mar 26, 2000",$64.71,$90.00,14516.0,1793,101.20%
"Mar 19, 2000",$64.57,$90.00,14520.0,1793,101.23%
"Mar 12, 2000",$64.30,$90.00,14514.0,1793,101.19%
"Mar 5, 2000",$64.37,$90.00,14524.0,1793,101.25%
"Feb 27, 2000",$64.39,$90.00,14515.0,1793,101.19%
"Feb 20, 2000",$64.40,$90.00,14527.0,1793,101.28%
"Feb 13, 2000",$64.61,$90.00,14523.0,1793,101.25%
"Feb 6, 2000",$64.57,$90.00,14519.0,1793,101.22%
"Jan 30, 2000",$64.13,$85.00,14520.0,1793,101.23%
"Jan 23, 2000",$64.13,$85.00,14509.0,1793,101.15%
"Jan 16, 2000",$64.06,$85.00,14513.0,1793,101.18%
"Jan 9, 2000",$63.95,$80.00,14508.0,1793,101.14%
"Jan 2, 2000",$73.97,$90.00,14509.0,1793,101.15%
"Dec 26, 1999",$72.96,$90.00,14531.0,1793,101.30%
"Dec 19, 1999",$62.94,$80.00,14522.0,1793,101.24%
"Dec 12, 1999",$62.72,$80.00,14510.0,1793,101.16%
"Dec 5, 1999",$62.99,$80.00,14508.0,1793,101.14%
"Nov 28, 1999",$64.68,$80.00,14514.0,1793,101.19%
"Nov 21, 1999",$63.36,$80.00,16319.0,1793,101.13%
"Nov 14, 1999",$62.71,$80.00,14512.0,1793,101.17%
"Nov 7, 1999",$62.94,$80.00,14518.0,1793,101.21%
"Oct 31, 1999",$61.73,$80.00,14518.0,1754,103.46%
"Oct 24, 1999",$61.19,$80.00,14514.0,1754,103.44%
"Oct 17, 1999",$61.33,$80.00,14502.0,1754,103.35%
"Oct 10, 1999",$61.04,$80.00,14509.0,1754,103.40%
"Oct 3, 1999",$61.11,$80.00,14502.0,1754,103.35%
"Sep 26, 1999",$61.54,$80.00,14381.0,1754,102.49%
"Sep 19, 1999",$61.53,$80.00,14245.0,1754,101.52%
"Sep 12, 1999",$62.03,$80.00,14199.0,1754,101.19%
"Sep 5, 1999",$61.69,$80.00,14196.0,1754,101.17%
"Aug 29, 1999",$61.61,$80.00,14218.0,1754,101.33%
"Aug 22, 1999",$60.91,$80.00,14218.0,1754,101.33%
"Aug 15, 1999",$61.16,$80.00,14212.0,1754,101.28%
"Aug 8, 1999",$61.82,$80.00,14218.0,1754,101.33%
"Aug 1, 1999",$61.15,$80.00,14216.0,1754,101.31%
"Jul 25, 1999",$61.17,$80.00,14222.0,1754,101.35%
"Jul 18, 1999",$62.00,$80.00,14215.0,1754,101.30%
"Jul 11, 1999",$61.13,$80.00,14225.0,1754,101.38%
"Jul 4, 1999",$61.58,$80.00,13327.0,1754,94.98%
"Jun 27, 1999",$60.68,$80.00,14218.0,1754,101.33%
"Jun 20, 1999",$60.48,$80.00,14224.0,1754,101.37%
"Jun 13, 1999",$60.14,$80.00,14216.0,1754,101.31%
"Jun 6, 1999",$60.19,$80.00,14217.0,1754,101.32%
"May 30, 1999",$60.85,$80.00,14209.0,1754,101.26%
"May 23, 1999",$60.61,$80.00,14210.0,1754,101.27%
"May 16, 1999",$60.45,$80.00,14207.0,1754,101.25%
"May 9, 1999",$60.20,$80.00,14213.0,1754,101.29%
"May 2, 1999",$60.15,$80.00,14209.0,1754,101.26%
"Apr 25, 1999",$59.47,$80.00,14218.0,1754,101.33%
"Apr 18, 1999",$59.62,$80.00,14204.0,1754,101.23%
"Apr 11, 1999",$59.42,$80.00,14206.0,1754,101.24%
"Mar 28, 1999",$59.36,$80.00,14216.0,1754,101.31%
"Mar 21, 1999",$59.87,$80.00,14214.0,1754,101.30%
"Mar 14, 1999",$59.67,$80.00,14212.0,1754,101.28%
"Mar 7, 1999",$59.39,$80.00,14211.0,1754,101.28%
"Feb 28, 1999",$59.63,$80.00,14209.0,1754,101.26%
"Feb 21, 1999",$59.37,$80.00,14211.0,1754,101.28%
"Feb 14, 1999",$59.46,$80.00,14203.0,1754,101.22%
"Feb 7, 1999",$59.46,$80.00,14205.0,1754,101.23%
"Jan 31, 1999",$59.26,$80.00,14199.0,1754,101.19%
"Jan 24, 1999",$59.39,$80.00,14193.0,1754,101.15%
"Jan 17, 1999",$58.78,$80.00,14206.0,1754,101.24%
"Jan 10, 1999",$59.22,$80.00,14195.0,1754,101.16%
"Jan 3, 1999",$69.64,$95.00,14204.0,1754,101.23%
"Dec 27, 1998",$69.05,$80.00,14216.0,1754,101.31%
"Dec 20, 1998",$58.38,$80.00,14191.0,1745,101.65%
"Dec 13, 1998",$58.56,$80.00,15949.0,1745,101.55%
"Dec 6, 1998",$57.91,$80.00,14198.0,1745,101.70%
"Nov 29, 1998",$59.63,$80.00,14204.0,1745,101.75%
"Nov 22, 1998",$57.82,$80.00,14201.0,1745,101.73%
"Nov 15, 1998",$57.81,$80.00,14187.0,1745,101.63%
"Nov 8, 1998",$58.10,$80.00,14202.0,1745,101.73%
"Nov 1, 1998",$57.97,$80.00,14205.0,1745,101.76%
"Oct 25, 1998",$57.93,$80.00,14193.0,1745,101.67%
"Oct 18, 1998",$57.72,$75.00,14193.0,1745,101.67%
"Oct 11, 1998",$58.13,$75.00,14217.0,1745,101.84%
"Oct 4, 1998",$57.96,$75.00,14208.0,1745,101.78%
"Sep 27, 1998",$57.74,$75.00,14211.0,1745,101.80%
"Sep 20, 1998",$65.67,$75.00,14178.0,1745,90.28%
"Sep 13, 1998",$57.66,$75.00,14205.0,1745,101.76%
"Sep 6, 1998",$57.88,$75.00,14208.0,1745,101.78%
"Aug 30, 1998",$58.04,$75.00,14204.0,1745,101.75%
"Aug 23, 1998",$57.69,$75.00,14195.0,1745,101.68%
"Aug 16, 1998",$57.63,$75.00,14203.0,1745,101.74%
"Aug 9, 1998",$57.52,$75.00,14193.0,1745,101.67%
"Aug 2, 1998",$57.68,$75.00,14192.0,1745,101.66%
"Jul 26, 1998",$57.28,$75.00,14196.0,1745,101.69%
"Jul 19, 1998",$57.66,$75.00,14075.0,1745,100.82%
"Jul 12, 1998",$57.38,$75.00,14196.0,1745,101.69%
"Jul 5, 1998",$57.09,$75.00,13202.0,1745,94.57%
"Jun 28, 1998",$57.22,$75.00,14197.0,1745,101.70%
"Jun 21, 1998",$57.21,$75.00,14216.0,1745,101.83%
"Jun 14, 1998",$56.92,$75.00,14189.0,1745,101.64%
"Jun 7, 1998",$56.88,$75.00,14164.0,1745,101.46%
"May 31, 1998",$57.20,$75.00,14042.0,1745,100.59%
"May 24, 1998",$57.18,$75.00,14094.0,1745,100.96%
"May 17, 1998",$57.14,$75.00,14076.0,1745,100.83%
"May 10, 1998",$57.09,$75.00,14030.0,1745,100.50%
"May 3, 1998",$56.99,$75.00,14090.0,1745,100.93%
"Apr 26, 1998",$57.03,$75.00,14096.0,1745,100.97%
"Apr 19, 1998",$56.99,$75.00,14082.0,1745,100.87%
"Apr 12, 1998",$57.68,$75.00,14120.0,1745,101.15%
"Apr 5, 1998",$57.14,$75.00,14148.0,1745,101.35%
"Mar 29, 1998",$57.14,$75.00,14090.0,1745,100.93%
"Mar 22, 1998",$56.78,$75.00,14099.0,1745,101.00%
"Mar 15, 1998",$56.61,$75.00,14117.0,1745,101.12%
"Mar 8, 1998",$57.05,$75.00,14098.0,1745,100.99%
"Mar 1, 1998",$57.03,$75.00,13997.0,1745,100.27%
"Feb 22, 1998",$57.18,$75.00,14031.0,1745,100.51%
"Feb 15, 1998",$57.03,$75.00,14022.0,1745,100.44%
"Feb 8, 1998",$57.07,$75.00,13992.0,1745,100.23%
"Feb 1, 1998",$57.22,$75.00,14015.0,1745,100.39%
"Jan 25, 1998",$57.27,$75.00,14011.0,1745,100.37%
"Jan 18, 1998",$56.93,$75.00,14007.0,1745,100.34%
"Jan 11, 1998",$57.06,$75.00,14024.0,1745,100.46%
"Jan 4, 1998",$60.21,$75.00,14128.0,1745,101.20%
"Dec 28, 1997",$61.84,$75.00,14131.0,1745,101.22%
"Dec 21, 1997",$56.58,$75.00,14115.0,1745,101.11%
"Dec 14, 1997",$56.29,$75.00,14097.0,1745,100.98%
"Dec 7, 1997",$56.50,$75.00,14103.0,1745,101.02%
"Nov 30, 1997",$57.56,$75.00,14088.0,1745,100.92%
"Nov 23, 1997",$56.08,$75.00,13489.0,1745,96.63%
"Nov 16, 1997",$56.52,$75.00,11397.0,1745,81.64%
"Nov 9, 1997",$56.42,$75.00,13372.0,1745,95.79%
"Nov 2, 1997",$56.75,$75.00,11811.0,1745,84.61%
"Oct 26, 1997",$58.12,$75.00,12460.0,1745,89.26%
"Oct 19, 1997",$59.26,$75.00,10645.0,1745,87.15%
