Week Endings,Avg Ticket Price ($),Top Ticket Price ($),Seats Sold,Seats in Theatre,% Cap
2026-01-18,129.26,279.0,12906,1696,95.12
2026-01-11,132.1,259.0,12928,1696,95.28
2026-01-04,234.09,399.0,13439,1696,99.05
2025-12-28,265.28,375.0,14760,1696,96.7
2025-12-21,208.19,339.0,13229,1696,97.5
2025-12-14,180.15,315.0,13161,1696,97.0
2025-12-07,181.74,325.0,13262,1696,97.74
2025-11-30,208.04,339.0,13397,1696,98.74
2025-11-23,152.44,307.0,12954,1696,95.47
2025-11-16,134.58,249.0,13083,1696,96.43
2025-11-09,146.38,259.0,13267,1696,97.78
2025-11-02,135.95,232.0,12717,1696,93.73
2025-10-26,145.04,249.0,12943,1696,95.39
2025-10-19,154.44,249.0,13253,1696,97.68
2025-10-12,167.8,277.0,13541,1696,99.8
2025-10-05,145.31,249.0,13326,1696,98.22
2025-09-28,121.64,239.0,13044,1696,96.14
2025-09-21,131.92,237.0,13471,1696,99.29
2025-09-14,127.1,232.0,13319,1696,98.16
2025-09-07,116.17,215.0,12496,1696,92.1
2025-08-31,142.32,259.0,13179,1696,97.13
2025-08-24,140.32,229.0,12977,1696,95.64
2025-08-17,152.53,269.0,12773,1696,94.14
2025-08-10,168.4,279.0,13246,1696,97.63
2025-08-03,166.38,292.0,13232,1696,97.52
2025-07-27,174.81,289.0,13296,1696,98.0
2025-07-20,167.12,297.0,13275,1696,97.84
2025-07-13,166.37,297.0,13168,1696,97.05
2025-07-06,155.68,262.0,13196,1696,97.26
2025-06-29,153.6,259.0,13457,1696,99.18
2025-06-22,158.16,249.0,13543,1696,99.82
2025-06-15,156.34,259.0,13349,1696,98.39
2025-06-08,149.65,229.0,13381,1696,98.62
2025-06-01,149.75,225.0,13414,1696,98.86
2025-05-25,153.47,237.0,13392,1696,98.7
2025-05-18,139.48,209.0,12925,1696,95.26
2025-05-11,141.42,209.0,12699,1696,93.6
2025-05-04,153.1,222.0,13062,1696,96.27
2025-04-27,173.79,259.0,13353,1696,98.42
2025-04-20,194.62,339.0,15109,1696,98.98
2025-04-13,159.55,275.0,13099,1696,96.54
2025-04-06,151.5,237.0,13110,1696,96.62
2025-03-30,159.25,249.0,13278,1696,97.86
2025-03-23,155.06,249.0,13279,1696,97.87
2025-03-16,151.89,299.0,13131,1696,96.78
2025-03-09,116.91,267.0,13203,1696,97.31
2025-03-02,121.8,299.0,12545,1696,92.46
2025-02-23,147.87,285.0,13164,1696,97.02
2025-02-16,143.38,275.0,12849,1696,94.7
2025-02-09,127.45,257.0,12573,1696,92.67
2025-02-02,130.65,259.0,13105,1696,96.59
2025-01-26,131.95,239.0,12797,1696,94.32
2025-01-19,140.12,239.0,12477,1696,91.96
2025-01-12,134.58,239.0,13035,1696,96.07
2025-01-05,207.97,477.0,13464,1696,99.23
2024-12-29,279.04,477.0,15063,1696,98.68
2024-12-22,216.2,325.0,13402,1696,98.78
2024-12-15,187.24,325.0,13341,1696,98.33
2024-12-08,187.03,325.0,13311,1696,98.11
2024-12-01,221.18,339.0,13036,1696,96.08
2024-11-24,154.1,227.0,13021,1696,95.97
2024-11-17,140.7,227.0,12782,1696,94.21
2024-11-10,147.1,227.0,13345,1696,98.36
2024-11-03,147.48,227.0,13303,1696,98.05
2024-10-27,149.81,227.0,13256,1696,97.7
2024-10-20,151.94,227.0,13204,1696,97.32
2024-10-13,164.27,227.0,13382,1696,98.63
2024-10-06,150.04,227.0,12677,1696,93.43
2024-09-29,127.61,227.0,13039,1696,96.1
2024-09-22,131.82,227.0,12997,1696,95.79
2024-09-15,137.09,277.0,13071,1696,96.34
2024-09-08,133.24,277.0,12687,1696,93.51
2024-09-01,149.46,277.0,13156,1696,96.96
2024-08-25,150.93,277.0,12616,1696,92.98
2024-08-18,161.31,277.0,13066,1696,96.3
2024-08-11,158.43,277.0,13485,1696,99.39
2024-08-04,176.37,277.0,13491,1696,99.43
2024-07-28,179.01,277.0,14691,1696,96.25
2024-07-21,178.26,277.0,13212,1696,97.38
2024-07-14,170.4,277.0,14572,1696,95.47
2024-07-07,185.01,277.0,13315,1696,98.14
2024-06-30,171.98,277.0,13162,1696,97.01
2024-06-23,173.57,277.0,13148,1696,96.9
2024-06-16,170.52,277.0,12996,1696,95.78
2024-06-09,163.27,277.0,12805,1696,94.38
2024-06-02,166.68,277.0,12503,1696,92.15
2024-05-26,170.55,277.0,13022,1696,95.98
2024-05-19,155.27,277.0,13077,1696,96.38
2024-05-12,162.52,277.0,13011,1696,95.89
2024-05-05,160.58,277.0,12679,1696,93.45
2024-04-28,172.01,277.0,12770,1696,94.12
2024-04-21,170.92,277.0,12725,1696,93.79
2024-04-14,165.5,277.0,12388,1696,91.3
2024-04-07,202.25,299.0,13017,1696,95.94
2024-03-31,213.16,349.0,14912,1696,97.69
2024-03-24,160.16,215.0,12875,1696,94.89
2024-03-17,161.31,215.0,13081,1696,96.41
2024-03-10,122.16,215.0,13253,1696,97.68
2024-03-03,127.25,215.0,12839,1696,94.63
2024-02-25,149.11,215.0,13445,1696,99.09
2024-02-18,149.97,215.0,13365,1696,98.5
2024-02-11,116.98,215.0,12860,1696,94.78
2024-02-04,131.46,249.0,12679,1696,93.45
2024-01-28,131.48,249.0,12940,1696,95.37
2024-01-21,140.53,279.0,12903,1696,95.1
2024-01-14,147.92,279.0,12972,1696,95.61
2024-01-07,187.33,299.0,13047,1696,96.16
2023-12-31,286.61,599.0,15061,1696,98.67
2023-12-24,240.45,199.0,12910,1696,95.15
2023-12-17,192.92,199.0,13007,1696,95.87
2023-12-10,189.03,199.0,12740,1696,93.9
2023-12-03,187.53,199.0,12795,1696,94.3
2023-11-26,216.68,199.0,13442,1696,99.07
2023-11-19,158.02,199.0,12941,1696,95.38
2023-11-12,151.02,199.0,13183,1696,97.16
2023-11-05,148.16,199.0,13409,1696,98.83
2023-10-29,152.61,199.0,13528,1696,99.71
2023-10-22,152.42,199.0,13536,1696,99.76
2023-10-15,155.06,199.0,13482,1696,99.37
2023-10-08,171.89,199.0,13506,1696,99.54
2023-10-01,142.62,199.0,13485,1696,99.39
2023-09-24,146.1,199.0,13080,1696,96.4
2023-09-17,141.3,199.0,12982,1696,95.68
2023-09-10,140.01,199.0,13217,1696,97.41
2023-09-03,154.76,199.0,13423,1696,98.93
2023-08-27,156.39,199.0,12737,1696,93.88
2023-08-20,164.95,199.0,13499,1696,99.49
2023-08-13,184.73,199.0,13362,1696,98.48
2023-08-06,190.0,199.0,13124,1696,96.73
2023-07-30,189.94,199.0,14814,1696,97.05
2023-07-23,187.09,199.0,13202,1696,97.3
2023-07-16,183.8,199.0,14358,1696,94.06
2023-07-09,190.78,199.0,12749,1696,93.96
2023-07-02,186.7,199.0,13314,1696,98.13
2023-06-25,183.71,199.0,13183,1696,97.16
2023-06-18,181.86,199.0,12918,1696,95.21
2023-06-11,178.49,199.0,12798,1696,94.32
2023-06-04,172.85,199.0,12933,1696,95.32
2023-05-28,177.18,199.0,12676,1696,93.43
2023-05-21,169.61,199.0,12645,1696,93.2
2023-05-14,156.24,199.0,12545,1696,92.46
2023-05-07,163.03,199.0,12152,1696,89.56
2023-04-30,166.49,199.0,12946,1696,95.42
2023-04-23,168.96,199.0,12816,1696,94.46
2023-04-16,190.43,199.0,14840,1696,97.22
2023-04-09,220.08,199.0,13541,1696,99.8
2023-04-02,168.81,199.0,13410,1696,98.84
2023-03-26,159.41,199.0,13367,1696,98.52
2023-03-19,166.14,199.0,13557,1696,99.92
2023-03-12,121.86,199.0,13441,1696,99.06
2023-03-05,129.36,199.0,13030,1696,96.03
2023-02-26,142.55,199.0,13548,1696,99.85
2023-02-19,144.24,199.0,13378,1696,98.6
2023-02-12,127.19,199.0,12786,1696,94.24
2023-02-05,126.5,199.0,12564,1696,92.6
2023-01-29,132.66,199.0,12707,1696,93.65
2023-01-22,139.0,199.0,12917,1696,95.2
2023-01-15,144.94,199.0,13011,1696,95.89
2023-01-08,147.48,199.0,13550,1696,99.87
2023-01-01,284.89,199.0,15147,1696,99.23
2022-12-25,226.48,199.0,11437,1696,96.34
2022-12-18,185.67,199.0,13190,1696,97.21
2022-12-11,176.59,199.0,13398,1696,98.75
2022-12-04,167.92,199.0,12881,1696,94.94
2022-11-27,209.43,199.0,12772,1696,94.13
2022-11-20,138.08,199.0,13445,1696,99.09
2022-11-13,116.26,199.0,13227,1696,97.49
2022-11-06,131.71,199.0,13371,1696,98.55
2022-10-30,129.89,199.0,13124,1696,96.73
2022-10-23,126.63,199.0,13541,1696,99.8
2022-10-16,134.3,199.0,13517,1696,99.62
2022-10-09,153.37,199.0,13471,1696,99.29
2022-10-02,118.96,199.0,13231,1696,97.52
2022-09-25,131.31,199.0,12973,1696,95.61
2022-09-18,126.65,199.0,12942,1696,95.39
2022-09-11,123.38,199.0,12808,1696,94.4
2022-09-04,135.44,199.0,12979,1696,95.66
2022-08-28,135.78,199.0,13226,1696,97.48
2022-08-21,146.45,199.0,13524,1696,99.68
2022-08-14,154.33,199.0,13297,1696,98.0
2022-08-07,167.1,199.0,13302,1696,98.04
2022-07-31,163.88,199.0,13221,1696,97.44
2022-07-24,162.74,199.0,14960,1696,98.01
2022-07-17,161.61,199.0,13183,1696,97.16
2022-07-10,158.58,199.0,14872,1696,97.43
2022-07-03,161.0,199.0,13431,1696,98.99
2022-06-26,156.55,199.0,13524,1696,99.68
2022-06-19,145.93,199.0,13343,1696,98.34
2022-06-12,145.89,199.0,13374,1696,98.57
2022-06-05,142.88,199.0,13050,1696,96.18
2022-05-29,148.42,199.0,13477,1696,99.33
2022-05-22,136.16,199.0,13009,1696,95.88
2022-05-15,129.31,199.0,12659,1696,93.3
2022-05-08,130.06,199.0,13195,1696,97.25
2022-05-01,128.8,199.0,12697,1696,93.58
2022-04-24,149.19,199.0,13411,1696,98.84
2022-04-17,169.02,199.0,15152,1696,99.27
2022-04-10,138.93,199.0,13491,1696,99.43
2022-04-03,126.56,199.0,12979,1696,95.66
2022-03-27,129.44,199.0,13208,1696,97.35
2022-03-20,132.74,199.0,13399,1696,98.75
2022-03-13,117.46,199.0,12916,1696,95.19
2022-03-06,86.76,199.0,12622,1696,93.03
2022-02-27,119.03,199.0,13347,1696,98.37
2022-02-20,112.7,199.0,12932,1696,95.31
2022-02-13,99.03,199.0,12875,1696,94.89
2022-02-06,95.09,199.0,12185,1696,89.81
2022-01-30,90.09,199.0,11219,1696,82.69
2022-01-23,93.92,199.0,11186,1696,82.44
2022-01-16,106.58,199.0,9992,1696,73.64
2022-01-09,116.45,199.0,11057,1696,81.49
2022-01-02,191.89,199.0,7727,1696,91.12
2021-12-19,160.62,199.0,13422,1696,98.92
2021-12-12,146.96,199.0,13491,1696,99.43
2021-12-05,146.19,199.0,13293,1696,97.97
2021-11-28,192.88,199.0,13147,1696,96.9
2021-11-21,120.5,199.0,13201,1696,97.3
2021-11-14,117.8,199.0,13451,1696,99.14
2021-11-07,121.11,199.0,11762,1696,99.07
2021-10-31,115.71,199.0,11049,1696,93.07
2021-10-24,119.03,199.0,13431,1696,98.99
2021-10-17,119.82,199.0,13495,1696,99.46
2021-10-10,119.43,199.0,13547,1696,99.85
2021-10-03,118.56,199.0,13532,1696,99.73
2021-09-26,138.67,199.0,13476,1696,99.32
2021-09-19,126.78,199.0,11735,1696,98.85
2020-03-08,99.05,237.0,11979,1696,88.29
2020-03-01,114.16,237.0,12391,1696,91.33
2020-02-23,140.55,225.0,13099,1696,96.54
2020-02-16,130.91,225.0,12784,1696,94.22
2020-02-09,111.14,237.0,12769,1696,94.11
2020-02-02,113.66,225.0,12363,1696,91.12
2020-01-26,124.68,237.0,12955,1696,95.48
2020-01-19,131.81,237.0,12804,1696,94.37
2020-01-12,126.22,250.0,12756,1696,94.02
2020-01-05,185.62,347.0,13431,1696,98.99
2019-12-29,228.82,427.0,15227,1696,99.76
2019-12-22,175.05,397.0,12878,1696,94.91
2019-12-15,162.63,297.0,12816,1696,94.46
2019-12-08,172.55,426.0,12635,1696,93.12
2019-12-01,192.12,434.0,12759,1696,94.04
2019-11-24,148.02,426.0,12477,1696,91.96
2019-11-17,132.36,252.0,12511,1696,92.21
2019-11-10,146.1,225.0,13151,1696,96.93
2019-11-03,150.1,250.0,13113,1696,96.65
2019-10-27,154.68,347.0,12924,1696,95.25
2019-10-20,160.32,237.0,13309,1696,98.09
2019-10-13,167.55,250.0,13384,1696,98.64
2019-10-06,146.6,237.0,13296,1696,98.0
2019-09-29,136.12,237.0,13471,1696,99.29
2019-09-22,140.31,237.0,13162,1696,97.01
2019-09-15,138.05,225.0,12832,1696,94.58
2019-09-08,141.58,225.0,11854,1696,87.37
2019-09-01,161.68,225.0,12596,1696,92.84
2019-08-25,166.22,225.0,12481,1696,91.99
2019-08-18,173.08,225.0,13368,1696,98.53
2019-08-11,186.05,225.0,13218,1696,97.42
2019-08-04,188.82,225.0,13181,1696,97.15
2019-07-28,187.73,225.0,14760,1696,96.7
2019-07-21,187.3,225.0,13551,1696,99.87
2019-07-14,187.67,225.0,12759,1696,94.04
2019-07-07,190.91,225.0,13519,1696,99.64
2019-06-30,179.18,225.0,13550,1696,99.87
2019-06-23,178.53,225.0,13569,1696,100.01
2019-06-16,171.79,225.0,13565,1696,99.98
2019-06-09,170.77,225.0,13562,1696,99.96
2019-06-02,165.59,225.0,13480,1696,99.35
2019-05-26,170.94,225.0,13556,1696,99.91
2019-05-19,156.31,225.0,13490,1696,99.43
2019-05-12,151.94,225.0,13440,1696,99.06
2019-05-05,164.05,225.0,13541,1696,99.8
2019-04-28,180.66,225.0,13569,1696,100.01
2019-04-21,206.81,225.0,15230,1696,99.78
2019-04-14,166.76,225.0,13465,1696,99.24
2019-04-07,159.83,225.0,13515,1696,99.61
2019-03-31,159.11,225.0,13568,1696,100.0
2019-03-24,156.84,225.0,13568,1696,100.0
2019-03-17,149.14,225.0,13571,1696,100.02
2019-03-10,130.49,225.0,13363,1696,98.49
2019-03-03,137.12,225.0,13094,1696,96.51
2019-02-24,148.72,225.0,13568,1696,100.0
2019-02-17,144.94,225.0,13565,1696,99.98
2019-02-10,129.13,225.0,13495,1696,99.46
2019-02-03,124.34,225.0,13263,1696,97.75
2019-01-27,138.19,225.0,13389,1696,98.68
2019-01-20,135.02,225.0,13291,1696,97.96
2019-01-13,141.67,225.0,13049,1696,96.17
2019-01-06,183.95,225.0,13418,1696,98.89
2018-12-30,242.15,225.0,15267,1696,100.02
2018-12-23,203.63,225.0,13560,1696,99.94
2018-12-16,174.62,225.0,13480,1696,99.35
2018-12-09,173.09,225.0,13459,1696,99.2
2018-12-02,162.06,225.0,13567,1696,99.99
2018-11-25,206.2,225.0,13464,1696,99.23
2018-11-18,151.21,225.0,13469,1696,99.27
2018-11-11,153.81,225.0,13539,1696,99.79
2018-11-04,154.44,225.0,13537,1696,99.77
2018-10-28,155.74,225.0,13508,1696,99.56
2018-10-21,163.93,225.0,13524,1696,99.68
2018-10-14,160.64,225.0,13427,1696,98.96
2018-10-07,167.78,225.0,13572,1696,100.03
2018-09-30,146.66,225.0,13570,1696,100.01
2018-09-23,150.89,225.0,13566,1696,99.99
2018-09-16,142.36,225.0,13529,1696,99.71
2018-09-09,141.27,225.0,13270,1696,97.8
2018-09-02,156.4,225.0,13495,1696,99.46
2018-08-26,161.58,225.0,13374,1696,98.57
2018-08-19,172.44,225.0,13570,1696,100.01
2018-08-12,177.74,225.0,13571,1696,100.02
2018-08-05,182.43,225.0,13573,1696,100.04
2018-07-29,182.42,225.0,15263,1696,99.99
2018-07-22,184.03,225.0,13520,1696,99.65
2018-07-15,179.73,225.0,15145,1696,99.22
2018-07-08,183.79,225.0,13568,1696,100.0
2018-07-01,171.84,225.0,13569,1696,100.01
2018-06-24,170.06,225.0,13572,1696,100.03
2018-06-17,168.42,225.0,13568,1696,100.0
2018-06-10,162.4,225.0,13571,1696,100.02
2018-06-03,161.36,225.0,13539,1696,99.79
2018-05-27,162.82,225.0,13514,1696,99.6
2018-05-20,157.98,225.0,13554,1696,99.9
2018-05-13,154.48,225.0,11876,1696,100.03
2018-05-06,156.58,225.0,13520,1696,99.65
2018-04-29,157.74,225.0,13530,1696,99.72
2018-04-22,157.46,225.0,13449,1696,99.12
2018-04-15,157.62,225.0,13552,1696,99.88
2018-04-08,185.02,225.0,13551,1696,99.87
2018-04-01,202.55,225.0,15266,1696,100.01
2018-03-25,157.58,225.0,13146,1696,96.89
2018-03-18,149.27,225.0,13569,1696,100.01
2018-03-11,130.76,225.0,13571,1696,100.02
2018-03-04,134.53,225.0,13360,1696,98.47
2018-02-25,145.68,225.0,13567,1696,99.99
2018-02-18,149.53,225.0,13573,1696,100.04
2018-02-11,128.84,225.0,13386,1696,98.66
2018-02-04,125.08,225.0,13329,1696,98.24
2018-01-28,133.63,225.0,13465,1696,99.24
2018-01-21,136.83,225.0,13539,1696,99.79
2018-01-14,143.17,225.0,13561,1696,99.95
2018-01-07,173.22,225.0,15141,1696,99.19
2017-12-31,228.39,225.0,13573,1696,100.04
2017-12-24,197.98,225.0,13551,1696,99.87
2017-12-17,172.9,225.0,13515,1696,99.61
2017-12-10,170.52,225.0,13519,1696,99.64
2017-12-03,154.16,225.0,13543,1696,99.82
2017-11-26,195.67,225.0,13550,1696,99.87
2017-11-19,148.05,225.0,11876,1696,100.03
2017-11-12,140.7,225.0,13563,1696,99.96
2017-11-05,138.65,225.0,11866,1696,99.95
2017-10-29,148.96,225.0,13556,1696,99.91
2017-10-22,150.92,225.0,13507,1696,99.55
2017-10-15,153.32,225.0,13562,1696,99.96
2017-10-08,167.87,225.0,13567,1696,99.99
2017-10-01,138.32,225.0,13565,1696,99.98
2017-09-24,137.13,225.0,13560,1696,99.94
2017-09-17,132.83,225.0,13489,1696,99.42
2017-09-10,130.55,225.0,13523,1696,99.67
2017-09-03,147.37,225.0,13570,1696,100.01
2017-08-27,153.12,225.0,13410,1696,98.84
2017-08-20,158.29,225.0,13568,1696,100.0
2017-08-13,163.7,225.0,13561,1696,99.95
2017-08-06,168.02,225.0,13548,1696,99.85
2017-07-30,169.81,225.0,15211,1696,99.65
2017-07-23,170.33,225.0,13567,1696,99.99
2017-07-16,164.58,225.0,15261,1696,99.98
2017-07-09,167.37,225.0,13519,1696,99.64
2017-07-02,158.94,225.0,15251,1696,99.91
2017-06-25,158.17,225.0,13569,1696,100.01
2017-06-18,156.38,225.0,13574,1696,100.04
2017-06-11,154.52,225.0,13570,1696,100.01
2017-06-04,150.68,225.0,13484,1696,99.38
2017-05-28,152.99,225.0,13556,1696,99.91
2017-05-21,146.15,225.0,13522,1696,99.66
2017-05-14,139.35,225.0,11758,1696,99.04
2017-05-07,144.77,225.0,13470,1696,99.28
2017-04-30,142.69,225.0,13503,1696,99.52
2017-04-23,161.49,225.0,13325,1696,98.21
2017-04-16,188.95,225.0,15151,1696,99.26
2017-04-09,153.46,225.0,13510,1696,99.57
2017-04-02,148.82,225.0,13490,1696,99.43
2017-03-26,142.03,225.0,13523,1696,99.67
2017-03-19,147.4,225.0,13544,1696,99.82
2017-03-05,112.84,225.0,13565,1696,99.98
2017-02-26,137.15,225.0,13574,1696,100.04
2017-02-19,137.7,225.0,13399,1696,98.75
2017-02-12,115.72,225.0,13423,1696,98.93
2017-02-05,119.07,225.0,12987,1696,95.72
2017-01-29,123.18,225.0,13374,1696,98.57
2017-01-22,124.44,225.0,13317,1696,98.15
2017-01-15,134.17,225.0,13421,1696,98.92
2017-01-08,150.73,225.0,13572,1696,100.03
2017-01-01,202.96,225.0,15266,1696,100.01
2016-12-25,182.22,225.0,11683,1696,98.41
2016-12-18,166.27,225.0,13178,1696,97.13
2016-12-11,158.41,225.0,13382,1696,98.63
2016-12-04,153.19,225.0,12401,1696,91.4
2016-11-27,184.87,225.0,13503,1696,99.52
2016-11-20,135.94,225.0,13331,1696,98.25
2016-11-13,135.87,225.0,13534,1696,99.75
2016-11-06,139.27,225.0,13176,1696,97.11
2016-10-30,137.7,225.0,13345,1696,98.36
2016-10-23,146.22,225.0,13486,1696,99.4
2016-10-16,145.24,225.0,13514,1696,99.6
2016-10-09,152.56,225.0,13476,1696,99.32
2016-10-02,140.45,225.0,13258,1696,97.72
2016-09-25,133.95,225.0,13356,1696,98.44
2016-09-18,140.56,225.0,13155,1696,96.96
2016-09-11,133.05,225.0,12875,1696,94.89
2016-09-04,140.19,225.0,13323,1696,98.19
2016-08-28,143.7,225.0,13454,1696,99.16
2016-08-21,152.23,225.0,13453,1696,99.15
2016-08-14,165.66,225.0,13485,1696,99.39
2016-08-07,169.08,225.0,13558,1696,99.93
2016-07-31,168.46,225.0,15164,1696,99.34
2016-07-24,171.78,225.0,13453,1696,99.15
2016-07-17,167.81,225.0,14981,1696,98.15
2016-07-10,171.07,225.0,13185,1696,97.18
2016-07-03,159.46,225.0,13573,1696,100.04
2016-06-26,155.72,225.0,13570,1696,100.01
2016-06-19,155.21,225.0,13571,1696,100.02
2016-06-12,152.66,225.0,13572,1696,100.03
2016-06-05,152.07,225.0,13544,1696,99.82
2016-05-29,152.93,225.0,13552,1696,99.88
2016-05-22,151.66,225.0,13560,1696,99.94
2016-05-15,145.03,225.0,11384,1696,95.89
2016-05-08,148.84,225.0,13489,1696,99.42
2016-05-01,143.77,225.0,13567,1696,99.99
2016-04-24,148.09,225.0,13477,1696,99.33
2016-04-17,144.72,225.0,13402,1696,98.78
2016-04-10,148.38,225.0,13452,1696,99.15
2016-04-03,168.77,225.0,13566,1696,99.99
2016-03-27,172.61,225.0,15236,1696,99.82
2016-03-20,150.81,225.0,13554,1696,99.9
2016-03-13,127.4,225.0,13413,1696,98.86
2016-03-06,109.97,225.0,13289,1696,97.94
2016-02-28,108.53,225.0,13536,1696,99.76
2016-02-21,136.98,225.0,13518,1696,99.63
2016-02-14,126.65,225.0,13557,1696,99.92
2016-02-07,116.18,225.0,13198,1696,97.27
2016-01-31,116.61,225.0,12979,1696,95.66
2016-01-24,121.49,225.0,8750,1696,85.99
2016-01-17,124.73,225.0,13310,1696,98.1
2016-01-10,134.31,225.0,13491,1696,99.43
2016-01-03,189.4,225.0,15198,1696,99.57
2015-12-27,190.72,225.0,13570,1696,100.02
2015-12-20,163.4,225.0,13172,1696,97.08
2015-12-13,150.04,225.0,13390,1696,98.69
2015-12-06,150.99,225.0,13139,1696,96.84
2015-11-29,180.32,225.0,13512,1696,99.59
2015-11-22,129.2,225.0,13255,1696,97.69
2015-11-15,120.35,225.0,13572,1696,100.03
2015-11-08,130.4,225.0,13534,1696,99.75
2015-11-01,124.65,225.0,13162,1696,97.01
2015-10-25,140.17,225.0,13569,1696,100.01
2015-10-18,142.4,225.0,13568,1696,100.0
2015-10-11,149.82,225.0,13571,1696,100.02
2015-10-04,139.46,225.0,13569,1696,100.01
2015-09-27,129.59,225.0,13570,1696,100.02
2015-09-20,132.04,225.0,13570,1696,100.02
2015-09-13,127.36,225.0,13563,1696,99.96
2015-09-06,128.29,225.0,13574,1696,100.04
2015-08-30,143.62,225.0,12778,1696,94.18
2015-08-23,146.3,225.0,13576,1696,100.06
2015-08-16,164.92,225.0,13128,1696,96.76
2015-08-09,171.98,225.0,13569,1696,100.01
2015-08-02,173.37,225.0,15137,1696,99.17
2015-07-26,177.49,225.0,13570,1696,100.02
2015-07-19,173.51,225.0,15100,1696,98.93
2015-07-12,170.32,225.0,13556,1696,99.91
2015-07-05,157.56,225.0,13603,1700,100.02
2015-06-28,155.9,225.0,13603,1700,100.02
2015-06-21,158.44,225.0,13600,1700,100.0
2015-06-14,155.76,225.0,13500,1700,99.26
2015-06-07,144.55,225.0,13557,1700,99.68
2015-05-31,149.28,225.0,13578,1700,99.84
2015-05-24,151.94,225.0,13601,1700,100.01
2015-05-17,145.59,197.5,13508,1700,99.32
2015-05-10,148.24,197.5,11480,1700,96.47
2015-05-03,147.51,197.5,12937,1700,95.13
2015-04-26,145.52,197.5,13557,1700,99.68
2015-04-19,139.79,197.5,13187,1700,96.96
2015-04-12,170.67,197.5,13436,1700,98.79
2015-04-05,172.18,197.5,15295,1700,99.97
2015-03-29,152.97,197.5,13494,1700,99.22
2015-03-22,140.89,197.5,13499,1700,99.26
2015-03-15,134.29,197.5,13587,1700,99.9
2015-03-08,111.11,197.5,13051,1700,95.96
2015-03-01,114.38,197.5,13036,1700,95.85
2015-02-22,143.01,197.5,13569,1700,99.77
2015-02-15,128.36,197.5,13447,1700,98.88
2015-02-08,111.03,197.5,13180,1700,96.91
2015-02-01,112.94,197.5,11847,1700,99.55
2015-01-25,125.71,197.5,13056,1700,96.0
2015-01-18,130.43,197.5,13200,1700,97.06
2015-01-11,138.0,197.5,13337,1700,98.07
2015-01-04,184.86,197.5,13605,1700,100.04
2014-12-28,188.51,197.5,15306,1700,100.04
2014-12-21,170.47,197.5,12908,1700,94.91
2014-12-14,152.34,197.5,12637,1700,92.92
2014-12-07,155.32,197.5,12360,1700,90.88
2014-11-30,178.12,197.5,13602,1700,100.02
2014-11-23,126.75,197.5,13503,1700,99.29
2014-11-16,114.72,197.5,13319,1700,97.93
2014-11-09,128.7,197.5,13502,1700,99.28
2014-11-02,126.93,197.5,13395,1700,98.49
2014-10-26,137.16,197.5,13496,1700,99.24
2014-10-19,141.29,197.5,13414,1700,98.63
2014-10-12,150.71,197.5,13604,1700,100.03
2014-10-05,137.77,197.5,13456,1700,98.94
2014-09-28,130.46,197.5,13446,1700,98.87
2014-09-21,128.8,197.5,13516,1700,99.38
2014-09-14,128.03,197.5,13478,1700,99.1
2014-09-07,125.23,197.5,13396,1700,98.5
2014-08-31,142.03,197.5,13603,1700,100.02
2014-08-24,143.7,197.5,13608,1700,100.06
2014-08-17,164.2,197.5,13450,1700,98.9
2014-08-10,168.76,197.5,13601,1700,100.01
2014-08-03,167.19,197.5,15306,1700,100.04
2014-07-27,169.42,0.0,13604,1700,100.03
2014-07-20,160.41,197.5,15155,1700,99.05
2014-07-13,160.75,197.5,13384,1700,98.41
2014-07-06,151.91,197.5,13601,1700,100.01
2014-06-29,150.35,197.5,13601,1700,100.01
2014-06-22,154.31,197.5,13602,1700,100.02
2014-06-15,150.31,197.5,13596,1700,99.97
2014-06-08,144.45,197.5,13497,1700,99.24
2014-06-01,144.38,197.5,13572,1700,99.79
2014-05-25,147.5,197.5,13604,1700,100.03
2014-05-18,140.17,197.5,13530,1700,99.49
2014-05-11,142.27,197.5,11904,1700,100.03
2014-05-04,142.63,197.5,13602,1700,100.02
2014-04-27,157.61,197.5,13602,1700,100.02
2014-04-20,166.19,197.5,15304,1700,100.03
2014-04-13,140.78,197.5,13602,1700,100.02
2014-04-06,125.96,197.5,13362,1700,98.25
2014-03-30,138.58,197.5,13603,1700,100.02
2014-03-23,134.72,197.5,13575,1700,99.82
2014-03-16,127.5,197.5,13598,1700,99.99
2014-03-09,113.56,197.5,13312,1700,97.88
2014-03-02,109.57,197.5,13455,1700,98.93
2014-02-23,129.13,197.5,13585,1700,99.89
2014-02-16,118.07,197.5,13304,1700,97.82
2014-02-09,104.94,197.5,13313,1700,97.89
2014-02-02,107.2,197.5,12063,1700,88.7
2014-01-26,119.83,197.5,13424,1700,98.71
2014-01-19,124.37,197.5,13292,1700,97.74
2014-01-12,129.57,197.5,13230,1700,97.28
2014-01-05,171.46,197.5,13603,1700,100.02
2013-12-29,185.35,197.5,15307,1700,100.05
2013-12-22,164.67,197.5,13399,1700,98.52
2013-12-15,142.0,197.5,12809,1700,94.18
2013-12-08,154.93,197.5,12625,1700,92.83
2013-12-01,175.84,197.5,13452,1700,98.91
2013-11-24,120.56,197.5,12946,1700,95.19
2013-11-17,119.16,197.5,12064,1700,88.71
2013-11-10,127.3,197.5,13398,1700,98.51
2013-11-03,130.86,197.5,12988,1700,95.5
2013-10-27,132.5,197.5,13573,1700,99.8
2013-10-20,134.11,197.5,13458,1700,98.96
2013-10-13,138.58,197.5,13603,1700,100.02
2013-10-06,129.66,197.5,13287,1700,97.7
2013-09-29,125.93,197.5,13586,1700,99.9
2013-09-22,129.43,197.5,13468,1700,99.03
2013-09-15,126.61,197.5,13408,1700,98.59
2013-09-08,124.29,197.5,13520,1700,99.41
2013-09-01,134.63,197.5,13507,1700,99.32
2013-08-25,137.9,197.5,13603,1700,100.02
2013-08-18,156.38,197.5,13511,1700,99.35
2013-08-11,157.97,197.5,13605,1700,100.04
2013-08-04,157.71,197.5,13604,1700,100.03
2013-07-28,158.45,197.5,13605,1700,100.04
2013-07-21,152.52,197.5,15186,1700,99.25
2013-07-14,153.12,197.5,13522,1700,99.43
2013-07-07,149.12,197.5,13603,1700,100.02
2013-06-30,144.91,197.5,13604,1700,100.03
2013-06-23,144.38,197.5,13602,1700,100.02
2013-06-16,143.61,197.5,13588,1700,99.91
2013-06-09,138.31,197.5,13513,1700,99.36
2013-06-02,138.12,197.5,13543,1700,99.58
2013-05-26,140.92,197.5,13601,1700,100.01
2013-05-19,140.37,197.5,13448,1700,98.88
2013-05-12,135.93,197.5,13588,1700,99.91
2013-05-05,137.91,197.5,13266,1700,97.54
2013-04-28,137.46,197.5,13565,1700,99.74
2013-04-21,137.41,197.5,13357,1700,98.21
2013-04-14,127.92,197.5,13550,1700,99.63
2013-04-07,153.04,197.5,13600,1700,100.0
2013-03-31,155.88,197.5,15301,1700,100.01
2013-03-24,140.55,197.5,13467,1677,100.38
2013-03-17,135.28,197.5,13134,1677,97.9
2013-03-10,119.74,197.5,13093,1677,97.59
2013-03-03,113.27,197.5,12635,1677,94.18
2013-02-24,122.38,197.5,14539,1677,96.33
2013-02-17,133.94,197.5,13404,1677,99.91
2013-02-10,110.76,197.5,12042,1677,89.76
2013-02-03,108.99,197.5,12800,1677,95.41
2013-01-27,114.22,197.5,13271,1677,98.92
2013-01-20,117.85,197.5,13132,1677,97.88
2013-01-13,122.98,197.5,13179,1677,98.23
2013-01-06,150.36,197.5,13421,1677,100.04
2012-12-30,176.63,197.5,15097,1677,100.03
2012-12-23,158.68,197.5,13421,1677,100.04
2012-12-16,141.16,197.5,13038,1677,97.18
2012-12-09,139.26,197.5,13164,1677,98.12
2012-12-02,130.72,197.5,12607,1677,93.97
2012-11-25,158.43,197.5,13417,1677,100.01
2012-11-18,122.86,197.5,11413,1677,97.22
2012-11-11,123.04,197.5,12245,1677,91.27
2012-11-04,126.55,197.5,8862,1677,88.07
2012-10-28,126.3,197.5,11331,1677,96.52
2012-10-21,129.2,197.5,13303,1677,99.16
2012-10-14,132.93,197.5,13315,1677,99.25
2012-10-07,136.46,197.5,13419,1677,100.02
2012-09-30,119.27,197.5,13416,1677,100.0
2012-09-23,117.66,197.5,13222,1677,98.55
2012-09-16,120.87,197.5,13230,1677,98.61
2012-09-09,117.37,197.5,13351,1677,99.52
2012-09-02,128.27,197.5,13420,1677,100.03
2012-08-26,130.67,197.5,13418,1677,100.02
2012-08-19,145.98,197.5,13418,1677,100.02
2012-08-12,148.77,197.5,14921,1677,98.86
2012-08-05,150.08,197.5,13419,1677,100.02
2012-07-29,152.02,197.5,13417,1677,100.01
2012-07-22,146.99,197.5,15100,1677,100.05
2012-07-15,149.23,197.5,13418,1677,100.02
2012-07-08,149.51,197.5,13365,1677,99.62
2012-07-01,144.94,197.5,13417,1677,100.01
2012-06-24,145.59,197.5,13417,1677,100.01
2012-06-17,139.98,197.5,13419,1677,100.02
2012-06-10,137.63,197.5,13423,1677,100.05
2012-06-03,132.76,197.5,13420,1677,100.03
2012-05-27,134.81,197.5,13419,1677,100.02
2012-05-20,137.34,197.5,13421,1677,100.04
2012-05-13,128.4,197.5,13374,1677,99.69
2012-05-06,134.23,197.5,13374,1677,99.69
2012-04-29,132.48,197.5,13299,1677,99.13
2012-04-22,135.21,197.5,13344,1677,99.46
2012-04-15,151.01,197.5,13419,1677,100.02
2012-04-08,155.09,197.5,13419,1677,100.02
2012-04-01,137.38,197.5,13420,1677,100.03
2012-03-25,129.84,197.5,13417,1677,100.01
2012-03-18,132.96,197.5,13242,1677,98.7
2012-03-11,120.43,197.5,12622,1677,94.08
2012-03-04,107.38,197.5,13005,1677,96.94
2012-02-26,129.12,197.5,13421,1677,100.04
2012-02-19,124.07,197.5,13421,1677,100.04
2012-02-12,110.03,197.5,12268,1677,91.44
2012-02-05,104.66,197.5,11721,1677,87.37
2012-01-29,109.37,197.5,12639,1677,94.21
2012-01-22,107.84,197.5,13409,1677,99.95
2012-01-15,118.49,197.5,13419,1677,100.02
2012-01-08,143.39,197.5,13058,1677,97.33
2012-01-01,161.91,197.5,15096,1677,100.02
2011-12-25,148.48,197.5,13345,1677,99.47
2011-12-18,138.1,197.5,13279,1677,98.98
2011-12-11,133.55,197.5,13418,1677,100.02
2011-12-04,130.79,197.5,12865,1677,95.89
2011-11-27,154.94,197.5,13422,1677,100.05
2011-11-20,116.15,197.5,13196,1677,98.36
2011-11-13,116.79,197.5,13423,1677,100.05
2011-11-06,117.66,197.5,13423,1677,100.05
2011-10-30,114.69,197.5,13410,1677,99.96
2011-10-23,116.36,197.5,13419,1677,100.02
2011-10-16,124.42,197.5,13419,1677,100.02
2011-10-09,123.7,197.5,13420,1677,100.03
2011-10-02,105.43,197.5,13419,1677,100.02
2011-09-25,100.8,197.5,13422,1677,100.05
2011-09-18,106.09,197.5,13337,1677,99.41
2011-09-11,105.24,197.5,12345,1677,92.02
2011-09-04,118.65,197.5,13422,1677,100.05
2011-08-28,130.57,197.5,8280,1677,98.75
2011-08-21,133.63,197.5,13398,1677,99.87
2011-08-14,137.3,197.5,13419,1677,100.02
2011-08-07,137.91,197.5,13426,1677,100.08
2011-07-31,138.25,197.5,13422,1677,100.05
2011-07-24,138.23,197.5,13418,1677,100.02
2011-07-17,137.25,197.5,13419,1677,100.02
2011-07-10,137.8,197.5,13421,1677,100.04
2011-07-03,130.69,197.5,13418,1677,100.02
2011-06-26,130.28,197.5,13419,1677,100.02
2011-06-19,129.36,197.5,13408,1677,99.94
2011-06-12,126.02,197.5,13412,1677,99.97
2011-06-05,123.99,197.5,13358,1677,99.57
2011-05-29,123.18,197.5,13419,1677,100.02
2011-05-22,122.89,250.0,13422,1677,100.05
2011-05-15,120.49,250.0,12968,1677,96.66
2011-05-08,119.34,250.0,13421,1677,100.04
2011-05-01,134.58,250.0,13037,1677,97.18
2011-04-24,142.38,250.0,13422,1677,100.05
2011-04-17,120.85,250.0,13402,1677,99.9
2011-04-10,116.36,250.0,13412,1677,99.97
2011-04-03,118.12,250.0,13384,1677,99.76
2011-03-27,118.79,250.0,13281,1677,98.99
2011-03-20,120.15,250.0,13421,1677,100.04
2011-03-13,116.48,250.0,12868,1677,95.92
2011-03-06,104.29,250.0,11626,1677,86.66
2011-02-27,122.47,250.0,12588,1677,93.83
2011-02-20,121.46,250.0,12636,1677,94.19
2011-02-13,104.84,250.0,12234,1677,91.19
2011-02-06,92.59,250.0,11766,1677,87.7
2011-01-30,100.92,250.0,11288,1677,84.14
2011-01-23,107.61,250.0,9229,1677,68.79
2011-01-16,118.99,250.0,11214,1677,83.59
2011-01-09,121.21,250.0,12793,1677,95.36
2011-01-02,148.53,250.0,13422,1677,100.04
2010-12-26,138.85,250.0,13135,1677,97.91
2010-12-19,123.84,250.0,12693,1677,94.61
2010-12-12,120.07,250.0,13122,1677,97.81
2010-12-05,119.17,250.0,12831,1677,95.64
2010-11-28,140.39,250.0,13324,1677,99.31
2010-11-21,112.99,250.0,11784,1677,87.84
2010-11-14,110.22,250.0,12443,1677,92.75
2010-11-07,112.55,250.0,12141,1677,90.5
2010-10-31,106.5,250.0,11825,1677,88.14
2010-10-24,112.81,250.0,12512,1677,93.26
2010-10-17,115.99,250.0,12523,1677,93.34
2010-10-10,117.47,250.0,13146,1677,97.99
2010-10-03,109.49,250.0,11567,1677,86.22
2010-09-26,111.81,250.0,11353,1677,84.62
2010-09-19,110.77,250.0,10924,1677,81.43
2010-09-12,109.78,250.0,11189,1677,83.4
2010-09-05,116.66,250.0,12582,1677,93.78
2010-08-29,119.28,250.0,12963,1677,96.62
2010-08-22,121.61,250.0,13425,1677,100.07
2010-08-15,122.44,250.0,13422,1677,100.04
2010-08-08,121.93,250.0,13422,1677,100.04
2010-08-01,122.44,250.0,13420,1677,100.03
2010-07-25,120.53,250.0,13418,1677,100.01
2010-07-18,120.96,250.0,13427,1677,100.08
2010-07-11,121.74,250.0,13425,1677,100.07
2010-07-04,117.98,250.0,13421,1677,100.04
2010-06-27,115.59,250.0,13425,1677,100.07
2010-06-20,113.86,250.0,13418,1677,100.01
2010-06-13,111.49,250.0,13418,1677,100.01
2010-06-06,109.95,250.0,13390,1677,99.81
2010-05-30,105.42,250.0,13423,1677,100.05
2010-05-23,104.85,250.0,13419,1677,100.02
2010-05-16,103.7,250.0,13415,1677,99.99
2010-05-09,102.99,250.0,13316,1677,99.25
2010-05-02,101.26,250.0,12832,1677,95.65
2010-04-25,105.55,250.0,13386,1677,99.78
2010-04-18,105.08,250.0,13116,1677,97.76
2010-04-11,114.07,250.0,13417,1677,100.01
2010-04-04,115.09,250.0,13421,1677,100.04
2010-03-28,102.17,250.0,13291,1677,99.07
2010-03-21,100.56,250.0,13208,1654,99.82
2010-03-14,99.47,250.0,11976,1654,90.51
2010-03-07,92.9,250.0,11223,1654,84.82
2010-02-28,94.99,250.0,10659,1654,80.55
2010-02-21,110.3,250.0,13190,1654,99.68
2010-02-14,104.66,250.0,11592,1654,87.61
2010-02-07,85.4,250.0,11063,1654,83.61
2010-01-24,96.16,250.0,10706,1654,80.91
2010-01-17,104.46,250.0,12327,1654,93.16
2010-01-10,106.05,250.0,12993,1654,98.19
2010-01-03,131.5,250.0,13233,1654,100.01
2009-12-27,129.55,250.0,13235,1654,100.02
2009-12-20,117.15,250.0,12719,1654,96.12
2009-12-13,110.33,250.0,12949,1654,97.86
2009-12-06,107.76,250.0,12586,1654,95.12
2009-11-29,127.89,250.0,13239,1654,100.05
2009-11-22,102.37,250.0,11635,1654,87.93
2009-11-15,101.41,250.0,11503,1654,86.93
2009-11-08,102.13,250.0,12184,1654,92.08
2009-11-01,97.37,250.0,11671,1654,88.2
2009-10-25,101.57,250.0,12719,1654,96.12
2009-10-18,105.89,250.0,12975,1654,98.06
2009-10-11,106.78,250.0,13238,1654,100.05
2009-10-04,101.49,250.0,11448,1654,86.52
2009-09-27,99.99,250.0,12044,1654,91.02
2009-09-20,98.8,250.0,11369,1654,85.92
2009-09-13,97.46,250.0,11344,1654,85.73
2009-09-06,106.63,250.0,11626,1654,87.86
2009-08-30,107.69,250.0,12543,1654,94.79
2009-08-23,109.74,250.0,13164,1654,99.49
2009-08-16,111.8,250.0,13234,1654,100.02
2009-08-09,112.85,250.0,13234,1654,100.02
2009-08-02,111.41,250.0,13170,1654,99.53
2009-07-26,111.32,250.0,13238,1654,100.05
2009-07-19,110.04,250.0,13230,1654,99.98
2009-07-12,109.16,250.0,13084,1654,98.88
2009-07-05,106.84,250.0,12113,1654,91.54
2009-06-28,108.36,250.0,12656,1654,95.65
2009-06-21,100.2,250.0,13238,1654,100.05
2009-06-14,99.16,250.0,13234,1654,100.02
2009-06-07,95.87,250.0,12669,1654,95.75
2009-05-31,94.26,250.0,12839,1654,97.03
2009-05-24,86.03,250.0,13006,1654,98.29
2009-05-17,83.66,250.0,12658,1654,95.66
2009-05-10,83.73,250.0,12530,1654,94.69
2009-05-03,81.35,250.0,12897,1654,97.47
2009-04-26,88.21,250.0,12788,1654,96.64
2009-04-19,105.03,250.0,13199,1654,99.75
2009-04-12,106.51,250.0,13233,1654,100.01
2009-04-05,89.08,250.0,11765,1654,88.91
2009-03-29,87.77,250.0,12530,1654,94.69
2009-03-22,89.98,250.0,12537,1654,94.75
2009-03-15,85.55,250.0,11247,1654,85.0
2009-03-08,79.44,250.0,10240,1654,77.39
2009-03-01,77.65,250.0,11379,1654,86.0
2009-02-22,88.62,250.0,12918,1654,97.63
2009-02-15,90.24,250.0,11644,1654,88.0
2009-02-08,73.66,250.0,11204,1654,84.67
2009-02-01,72.82,250.0,11039,1654,83.43
2009-01-25,77.16,250.0,11165,1654,84.38
2009-01-18,84.9,250.0,12051,1654,91.07
2009-01-11,83.12,250.0,12400,1654,93.71
2009-01-04,117.57,250.0,13235,1654,100.02
2008-12-28,117.63,250.0,13051,1654,98.63
2008-12-21,99.2,250.0,11215,1654,84.76
2008-12-14,96.22,250.0,10978,1654,82.97
2008-12-07,98.02,250.0,10909,1654,82.44
2008-11-30,112.53,250.0,13068,1654,98.76
2008-11-23,87.11,250.0,11116,1654,84.01
2008-11-16,88.12,250.0,10168,1654,76.84
2008-11-09,88.08,250.0,11289,1654,85.32
2008-11-02,87.03,250.0,11334,1654,85.66
2008-10-26,90.67,250.0,11894,1654,89.89
2008-10-19,94.42,250.0,12586,1654,95.12
2008-10-12,94.8,250.0,13120,1654,99.15
2008-10-05,86.67,250.0,12652,1654,95.62
2008-09-28,83.9,250.0,12708,1654,96.04
2008-09-21,87.97,250.0,12266,1654,92.7
2008-09-14,87.99,250.0,12468,1654,94.23
2008-09-07,88.98,250.0,11139,1654,84.18
2008-08-31,99.94,251.25,13235,1654,100.02
2008-08-24,99.78,251.25,13232,1654,100.0
2008-08-17,101.19,251.25,13236,1654,100.03
2008-08-10,100.27,251.25,13232,1654,100.0
2008-08-03,101.28,251.25,13237,1654,100.04
2008-07-27,100.08,251.25,13232,1654,100.0
2008-07-20,99.82,251.25,13235,1654,100.02
2008-07-13,99.13,251.25,13234,1654,100.02
2008-07-06,98.09,251.25,13239,1654,100.05
2008-06-29,98.26,251.25,13238,1654,100.05
2008-06-22,96.83,251.25,13234,1654,100.02
2008-06-15,94.75,251.25,13134,1654,99.26
2008-06-08,93.32,251.25,13242,1654,100.08
2008-06-01,91.82,251.25,13017,1654,98.38
2008-05-25,94.54,251.25,13234,1654,100.02
2008-05-18,93.15,251.25,13112,1654,99.09
2008-05-11,90.67,251.25,12923,1654,97.66
2008-05-04,93.66,251.25,13129,1654,99.22
2008-04-27,100.16,251.25,12951,1654,97.88
2008-04-20,93.33,251.25,13154,1654,99.41
2008-04-13,92.79,251.25,13003,1654,98.27
2008-04-06,91.32,251.25,13116,1654,99.12
2008-03-30,94.55,251.25,13223,1654,99.93
2008-03-23,99.99,251.25,13235,1654,100.02
2008-03-16,90.11,251.25,12947,1654,97.85
2008-03-09,83.0,251.25,11802,1654,89.19
2008-03-02,83.93,251.25,11583,1654,87.54
2008-02-24,93.11,251.25,11857,1654,89.61
2008-02-17,90.05,251.25,12979,1654,98.09
2008-02-10,80.34,251.25,11986,1654,90.58
2008-02-03,81.97,251.25,10684,1654,80.74
2008-01-27,83.9,251.25,11261,1654,85.1
2008-01-20,88.23,251.25,11904,1654,89.96
2008-01-13,84.32,251.25,12156,1654,91.87
2008-01-06,99.8,251.25,12975,1654,98.06
2007-12-30,118.76,251.25,13236,1654,100.03
2007-12-23,107.26,251.25,12694,1654,95.93
2007-12-16,96.95,251.25,11616,1654,87.79
2007-12-09,96.03,251.25,12413,1654,93.81
2007-12-02,96.66,251.25,9499,1654,95.72
2007-11-11,81.62,251.25,6219,1654,94.0
2007-11-04,89.07,251.25,12279,1654,92.8
2007-10-28,89.82,251.25,12958,1654,97.93
2007-10-21,90.77,251.25,13003,1654,98.27
2007-10-14,91.75,251.25,12602,1654,95.24
2007-10-07,92.11,251.25,12718,1654,96.12
2007-09-30,86.5,251.25,11820,1654,89.33
2007-09-23,86.44,251.25,12127,1654,91.65
2007-09-16,86.71,251.25,11383,1654,86.03
2007-09-09,88.74,251.25,10637,1654,80.39
2007-09-02,96.74,251.25,13050,1654,98.62
2007-08-26,99.04,251.25,13159,1654,99.45
2007-08-19,99.94,251.25,13237,1654,100.04
2007-08-12,99.79,251.25,13234,1654,100.02
2007-08-05,100.09,251.25,13235,1654,100.02
2007-07-29,99.12,251.25,13235,1654,100.02
2007-07-22,96.97,251.25,13234,1654,100.02
2007-07-15,97.63,251.25,13233,1654,100.01
2007-07-08,97.33,251.25,12999,1654,98.24
2007-07-01,96.04,251.25,13237,1654,100.04
2007-06-24,94.37,251.25,13236,1654,100.03
2007-06-17,93.92,251.25,13235,1654,100.02
2007-06-10,91.48,251.25,13233,1654,100.01
2007-06-03,90.19,251.25,13004,1654,98.28
2007-05-27,90.02,251.25,13182,1654,99.62
2007-05-20,89.08,251.25,13058,1654,98.69
2007-05-13,88.71,251.25,12508,1654,94.53
2007-05-06,88.65,251.25,12652,1654,95.62
2007-04-29,88.95,251.25,12943,1654,97.82
2007-04-22,90.44,251.25,12904,1654,97.52
2007-04-15,90.49,251.25,13231,1654,99.99
2007-04-08,99.0,251.25,13240,1654,100.06
2007-04-01,90.18,251.25,13235,1654,100.02
2007-03-25,91.17,251.25,12689,1598,99.26
2007-03-18,89.04,251.25,12687,1598,99.24
2007-03-11,89.05,251.25,11534,1598,90.22
2007-03-04,85.14,251.25,10479,1598,81.97
2007-02-25,93.09,250.0,12091,1598,94.58
2007-02-18,92.8,250.0,12094,1598,94.6
2007-02-11,84.62,250.0,10640,1598,83.23
2007-02-04,79.46,250.0,10261,1598,80.26
2007-01-28,83.4,250.0,10951,1598,85.66
2007-01-21,82.35,250.0,10492,1598,82.07
2007-01-14,89.46,250.0,11543,1598,90.29
2007-01-07,96.9,250.0,12620,1598,98.72
2006-12-31,114.72,250.0,12787,1598,100.02
2006-12-24,108.43,250.0,12252,1598,95.84
2006-12-17,96.78,250.0,11639,1598,91.04
2006-12-10,95.97,250.0,12295,1598,96.17
2006-12-03,97.13,250.0,11185,1598,87.49
2006-11-26,110.45,250.0,12702,1598,99.36
2006-11-19,95.26,250.0,10765,1598,84.21
2006-11-12,91.31,250.0,11603,1598,90.76
2006-11-05,89.36,250.0,11663,1598,91.23
2006-10-29,91.52,250.0,11226,1598,87.81
2006-10-22,93.37,250.0,11703,1598,91.54
2006-10-15,93.59,250.0,12335,1598,96.49
2006-10-08,95.52,250.0,11516,1598,90.08
2006-10-01,92.69,250.0,10492,1598,82.07
2006-09-24,88.34,250.0,9644,1598,75.44
2006-09-17,86.15,250.0,9885,1598,77.32
2006-09-10,88.95,250.0,8904,1598,69.65
2006-09-03,97.08,250.0,12029,1598,94.09
2006-08-27,96.35,250.0,12335,1598,96.49
2006-08-20,96.53,250.0,12645,1598,98.91
2006-08-13,96.79,250.0,12790,1598,100.05
2006-08-06,98.08,250.0,12784,1598,100.0
2006-07-30,98.08,250.0,12787,1598,100.02
2006-07-23,98.55,250.0,12785,1598,100.01
2006-07-16,97.22,250.0,12785,1598,100.01
2006-07-09,96.24,250.0,12546,1598,98.14
2006-07-02,95.79,250.0,12790,1598,100.05
2006-06-25,92.12,250.0,12785,1598,100.01
2006-06-18,93.44,250.0,12787,1598,100.02
2006-06-04,85.16,200.0,14148,1801,98.2
2006-05-28,86.19,200.0,14345,1801,99.56
2006-05-21,85.15,200.0,14178,1801,98.4
2006-05-14,85.15,200.0,13438,1801,93.27
2006-05-07,83.85,200.0,13498,1801,93.68
2006-04-30,84.03,200.0,13771,1801,95.58
2006-04-23,86.39,200.0,14529,1801,100.84
2006-04-16,88.08,200.0,14556,1801,101.03
2006-04-09,84.21,200.0,13978,1801,97.02
2006-04-02,85.11,200.0,14260,1801,98.97
2006-03-26,85.71,200.0,14290,1801,99.18
2006-03-19,84.55,200.0,14437,1801,100.2
2006-03-12,81.5,200.0,14499,1801,100.63
2006-03-05,83.74,200.0,12430,1801,86.27
2006-02-26,87.42,200.0,14420,1801,100.08
2006-02-19,85.42,200.0,12580,1801,87.31
2006-02-12,82.67,200.0,11928,1801,82.79
2006-02-05,81.57,200.0,11006,1801,76.39
2006-01-29,99.1,200.0,9861,1801,68.44
2006-01-22,82.46,200.0,11670,1801,81.0
2006-01-15,83.67,200.0,13142,1801,91.21
2006-01-08,84.44,200.0,14426,1801,100.12
2006-01-01,99.83,200.0,14580,1801,101.19
2005-12-25,98.39,200.0,14491,1801,100.58
2005-12-18,84.58,200.0,14020,1801,97.31
2005-12-11,84.54,200.0,14423,1801,100.1
2005-12-04,83.44,200.0,13511,1801,93.77
2005-11-27,96.93,200.0,14590,1801,101.26
2005-11-20,82.58,100.0,13171,1801,91.41
2005-11-13,81.87,100.0,13629,1801,94.59
2005-11-06,81.0,100.0,13081,1801,90.79
2005-10-30,80.49,100.0,14054,1801,97.54
2005-10-23,80.97,100.0,14060,1801,97.58
2005-10-16,80.9,100.0,14100,1801,97.86
2005-10-09,81.4,100.0,14223,1801,98.72
2005-10-02,80.13,100.0,13110,1801,90.99
2005-09-25,80.06,100.0,13356,1801,92.7
2005-09-18,81.5,100.0,12438,1801,86.33
2005-09-11,81.29,100.0,12221,1801,84.82
2005-09-04,82.27,100.0,14261,1801,98.98
2005-08-28,82.41,100.0,14559,1801,101.05
2005-08-21,83.17,100.0,14541,1801,100.92
2005-08-14,83.45,100.0,14568,1801,101.11
2005-08-07,83.33,100.0,14562,1801,101.07
2005-07-31,83.39,100.0,14573,1801,101.15
2005-07-24,82.99,100.0,14550,1801,100.99
2005-07-17,82.8,100.0,14557,1801,101.03
2005-07-10,82.54,100.0,14529,1801,100.84
2005-07-03,82.79,100.0,14538,1801,100.9
2005-06-26,82.53,100.0,14488,1801,100.56
2005-06-19,82.1,100.0,14472,1801,100.44
2005-06-12,81.04,100.0,14472,1801,100.44
2005-06-05,81.03,100.0,14438,1801,100.21
2005-05-29,81.05,100.0,14512,1801,100.72
2005-05-22,80.79,100.0,14491,1801,100.58
2005-05-15,80.81,100.0,14321,1801,99.4
2005-05-08,81.0,100.0,14485,1801,100.53
2005-05-01,81.11,100.0,14481,1801,100.51
2005-04-24,81.06,100.0,14488,1801,100.56
2005-04-17,81.19,100.0,14302,1801,99.26
2005-04-10,80.66,100.0,14441,1801,100.23
2005-04-03,81.51,100.0,14488,1801,100.56
2005-03-27,81.96,100.0,14539,1801,100.91
2005-03-20,81.5,100.0,14499,1801,100.63
2005-03-13,78.93,100.0,14223,1801,98.72
2005-03-06,78.0,100.0,13338,1801,92.57
2005-02-27,81.66,100.0,14475,1801,100.47
2005-02-20,80.25,100.0,13714,1801,95.18
2005-02-13,78.35,100.0,13453,1801,93.37
2005-02-06,77.6,100.0,12110,1801,84.05
2005-01-30,78.55,100.0,12187,1801,84.58
2005-01-23,77.85,100.0,12380,1801,85.92
2005-01-16,79.43,100.0,13514,1801,93.8
2005-01-09,79.86,100.0,14443,1801,100.24
2005-01-02,90.81,100.0,14585,1801,101.23
2004-12-26,91.04,100.0,14589,1801,101.26
2004-12-19,79.82,100.0,14561,1801,101.06
2004-12-12,80.67,100.0,14527,1801,100.83
2004-12-05,80.62,100.0,14116,1801,97.97
2004-11-28,87.42,100.0,14572,1801,101.14
2004-11-21,79.81,100.0,13290,1801,92.24
2004-11-14,79.96,100.0,14041,1801,97.45
2004-11-07,79.99,100.0,13806,1801,95.82
2004-10-31,78.79,100.0,13163,1801,91.36
2004-10-24,79.41,100.0,14230,1801,98.76
2004-10-17,79.37,100.0,14276,1801,99.08
2004-10-10,80.96,100.0,13754,1801,95.46
2004-10-03,79.32,100.0,13156,1801,91.31
2004-09-26,79.6,100.0,13664,1801,94.84
2004-09-19,78.91,100.0,13654,1801,94.77
2004-09-12,78.86,100.0,12433,1801,86.29
2004-09-05,79.19,100.0,11584,1801,80.4
2004-08-29,80.37,100.0,14539,1801,100.91
2004-08-22,80.29,100.0,14569,1801,101.12
2004-08-15,80.27,100.0,14561,1793,101.51
2004-08-08,81.04,100.0,14552,1793,101.45
2004-08-01,80.08,100.0,14556,1793,101.48
2004-07-25,80.16,100.0,14534,1793,101.32
2004-07-18,79.81,100.0,14540,1793,101.37
2004-07-11,80.13,100.0,14507,1793,101.14
2004-07-04,79.99,100.0,14544,1793,101.39
2004-06-27,79.15,100.0,14528,1793,101.28
2004-06-20,78.65,100.0,14536,1793,101.34
2004-06-13,78.07,100.0,14530,1793,101.3
2004-06-06,78.25,100.0,14402,1793,100.4
2004-05-30,78.25,100.0,14487,1793,101.0
2004-05-23,78.02,100.0,14501,1793,101.09
2004-05-16,78.04,100.0,14483,1793,100.97
2004-05-09,78.04,100.0,13990,1793,97.53
2004-05-02,77.44,100.0,14520,1793,101.23
2004-04-25,77.48,100.0,14509,1793,101.15
2004-04-18,77.49,100.0,14531,1793,101.3
2004-04-11,77.83,100.0,14539,1793,101.36
2004-04-04,77.01,100.0,14452,1793,100.75
2004-03-28,76.79,100.0,14516,1793,101.2
2004-03-21,75.87,100.0,14517,1793,101.21
2004-03-14,75.85,100.0,14397,1793,100.37
2004-03-07,83.6,100.0,13689,1793,95.43
2004-02-29,76.66,100.0,13594,1793,94.77
2004-02-22,77.88,100.0,14530,1793,101.3
2004-02-15,76.11,100.0,13396,1793,93.39
2004-02-08,77.2,100.0,12378,1793,86.29
2004-02-01,77.24,100.0,11913,1793,83.05
2004-01-25,76.43,100.0,12860,1793,89.65
2004-01-18,76.49,100.0,13491,1793,94.05
2004-01-11,77.02,100.0,14366,1793,100.15
2004-01-04,87.4,240.0,14585,1793,101.68
2003-12-28,87.69,240.0,14580,1793,101.65
2003-12-21,78.04,240.0,14545,1793,101.4
2003-12-14,77.79,240.0,14493,1793,101.04
2003-12-07,77.77,240.0,14459,1793,100.8
2003-11-30,84.34,240.0,14569,1793,101.57
2003-11-23,77.43,240.0,13758,1793,95.91
2003-11-16,77.46,240.0,13846,1793,96.53
2003-11-09,77.65,240.0,14210,1793,99.07
2003-11-02,77.11,240.0,14237,1793,99.25
2003-10-26,76.98,240.0,14428,1793,100.59
2003-10-19,76.75,240.0,14540,1793,101.37
2003-10-12,77.04,240.0,14187,1793,98.91
2003-10-05,76.71,240.0,13603,1793,94.83
2003-09-28,75.16,240.0,13814,1793,96.31
2003-09-21,77.21,240.0,13128,1793,91.52
2003-09-14,76.58,240.0,12887,1793,89.84
2003-09-07,77.03,240.0,12921,1793,90.08
2003-08-31,77.8,240.0,14574,1793,101.6
2003-08-24,77.81,240.0,14571,1793,101.58
2003-08-17,77.4,240.0,12689,1793,101.1
2003-08-10,77.54,240.0,14526,1793,101.27
2003-08-03,77.59,240.0,14525,1793,101.26
2003-07-27,77.41,240.0,14513,1793,101.18
2003-07-20,77.45,240.0,14485,1793,100.98
2003-07-13,77.48,240.0,14479,1793,100.94
2003-07-06,77.3,240.0,14276,1793,99.53
2003-06-29,77.2,240.0,14466,1793,100.85
2003-06-22,76.8,240.0,14435,1793,100.63
2003-06-15,76.93,240.0,14347,1793,100.02
2003-06-08,76.87,240.0,14329,1793,99.9
2003-06-01,76.76,240.0,13699,1793,95.5
2003-05-25,76.99,240.0,14377,1793,100.23
2003-05-18,76.99,240.0,14449,1793,100.73
2003-05-11,76.62,240.0,13245,1793,92.34
2003-05-04,76.64,240.0,13623,1793,94.97
2003-04-27,77.0,240.0,14457,1793,100.79
2003-04-20,77.51,240.0,14443,1793,100.69
2003-04-13,76.88,240.0,13434,1793,93.66
2003-04-06,75.97,240.0,12852,1793,89.6
2003-03-30,75.43,240.0,14349,1793,100.03
2003-03-23,75.84,240.0,14422,1793,100.54
2003-03-16,76.35,240.0,13894,1793,96.86
2003-03-09,72.71,240.0,5862,1793,81.73
2003-03-02,76.1,240.0,12887,1793,89.84
2003-02-23,77.31,240.0,14455,1793,100.77
2003-02-16,76.75,240.0,13945,1793,97.22
2003-02-09,76.91,240.0,12359,1793,86.16
2003-02-02,90.39,240.0,10241,1793,71.4
2003-01-26,76.88,240.0,12484,1793,87.03
2003-01-19,77.24,240.0,13636,1793,95.06
2003-01-12,77.2,240.0,13677,1793,95.35
2003-01-05,87.64,240.0,14524,1793,101.25
2002-12-29,87.91,240.0,14532,1793,101.31
2002-12-22,77.15,100.0,14479,1793,100.94
2002-12-15,77.11,100.0,14485,1793,100.98
2002-12-08,77.14,100.0,14488,1793,101.0
2002-12-01,76.84,100.0,14521,1793,101.23
2002-11-24,76.61,100.0,14283,1793,99.57
2002-11-17,76.55,100.0,13968,1793,97.38
2002-11-10,76.56,100.0,14489,1793,101.01
2002-11-03,76.78,100.0,13996,1793,97.57
2002-10-27,76.8,100.0,14458,1793,100.79
2002-10-20,76.63,100.0,14495,1793,101.05
2002-10-13,75.14,100.0,14527,1793,101.28
2002-10-06,76.23,100.0,14257,1793,99.39
2002-09-29,76.19,100.0,14284,1793,99.58
2002-09-22,75.77,100.0,14290,1793,99.62
2002-09-15,75.85,100.0,12923,1793,90.09
2002-09-08,76.66,100.0,14068,1793,98.08
2002-09-01,76.2,100.0,14503,1793,101.11
2002-08-25,75.59,100.0,14503,1793,101.11
2002-08-18,75.4,100.0,14515,1793,101.19
2002-08-11,75.24,100.0,14514,1793,101.19
2002-08-04,75.0,100.0,14515,1793,101.19
2002-07-28,74.73,100.0,14522,1793,101.24
2002-07-21,75.03,100.0,14510,1793,101.16
2002-07-14,75.11,100.0,14515,1793,101.19
2002-07-07,75.13,100.0,14520,1793,101.23
2002-06-30,74.42,100.0,14521,1793,101.23
2002-06-23,73.45,100.0,14515,1793,101.19
2002-06-16,73.39,100.0,14511,1793,101.16
2002-06-09,73.28,100.0,14515,1793,101.19
2002-06-02,73.7,100.0,14518,1793,101.21
2002-05-26,73.56,100.0,14520,1793,101.23
2002-05-19,73.57,100.0,14518,1793,101.21
2002-05-12,73.46,100.0,14513,1793,101.18
2002-05-05,74.26,100.0,16313,1793,101.09
2002-04-28,73.64,100.0,14516,1793,101.2
2002-04-21,73.25,100.0,14524,1793,101.25
2002-04-14,73.21,100.0,14523,1793,101.25
2002-04-07,73.3,100.0,14527,1793,101.28
2002-03-31,73.2,100.0,14529,1793,101.29
2002-03-24,73.2,100.0,14532,1793,101.31
2002-03-17,73.52,100.0,14505,1793,101.12
2002-03-10,73.4,100.0,14512,1793,101.17
2002-03-03,73.95,100.0,14494,1793,101.05
2002-02-24,73.33,100.0,14532,1793,101.31
2002-02-17,73.12,100.0,14483,1793,100.97
2002-02-10,73.24,90.0,14344,1793,100.0
2002-02-03,73.39,90.0,14316,1793,99.8
2002-01-27,72.87,90.0,14523,1793,101.25
2002-01-20,72.29,90.0,14511,1793,101.16
2002-01-13,72.37,90.0,14487,1793,101.0
2002-01-06,70.35,90.0,14521,1793,101.23
2001-12-30,77.69,90.0,14518,1793,101.21
2001-12-23,71.93,90.0,14528,1793,101.28
2001-12-16,71.29,90.0,14521,1793,101.23
2001-12-09,70.77,90.0,14523,1793,101.25
2001-12-02,71.24,90.0,14499,1793,101.08
2001-11-25,71.33,90.0,14522,1793,101.24
2001-11-18,71.04,90.0,14515,1793,101.19
2001-11-11,71.32,90.0,14520,1793,101.23
2001-11-04,68.81,90.0,14521,1793,101.23
2001-10-28,69.13,90.0,14528,1793,101.28
2001-10-21,69.66,90.0,14505,1793,101.12
2001-10-14,69.78,90.0,14518,1793,101.21
2001-10-07,70.52,90.0,14524,1793,101.25
2001-09-30,71.09,90.0,14524,1793,101.25
2001-09-23,77.59,90.0,12096,1793,84.33
2001-09-16,66.22,90.0,5737,1793,53.33
2001-09-09,70.73,90.0,14503,1793,101.11
2001-09-02,70.79,90.0,14518,1793,101.21
2001-08-26,70.85,90.0,14521,1793,101.23
2001-08-19,70.84,90.0,14523,1793,101.25
2001-08-12,70.51,90.0,14516,1793,101.2
2001-08-05,71.27,90.0,14522,1793,101.24
2001-07-29,70.25,90.0,14530,1793,101.3
2001-07-22,70.01,90.0,14516,1793,101.2
2001-07-15,69.85,90.0,14508,1793,101.14
2001-07-08,70.12,90.0,14516,1793,101.2
2001-07-01,69.64,90.0,14519,1793,101.22
2001-06-24,69.48,90.0,14507,1793,101.14
2001-06-17,69.35,90.0,14503,1793,101.11
2001-06-10,69.61,90.0,14496,1793,101.06
2001-06-03,69.35,90.0,14519,1793,101.22
2001-05-27,69.29,90.0,14507,1793,101.14
2001-05-20,69.27,90.0,14499,1793,101.08
2001-05-13,69.3,90.0,14507,1793,101.14
2001-05-06,68.95,90.0,14501,1793,101.09
2001-04-29,68.85,90.0,14508,1793,101.14
2001-04-22,68.77,90.0,14512,1793,101.17
2001-04-15,68.7,90.0,14511,1793,101.16
2001-04-08,69.08,90.0,14503,1793,101.11
2001-04-01,68.91,90.0,14509,1793,101.15
2001-03-25,68.96,90.0,14511,1793,101.16
2001-03-18,68.93,90.0,14512,1793,101.17
2001-03-11,69.0,90.0,14516,1793,101.2
2001-03-04,69.09,90.0,14513,1793,101.18
2001-02-25,69.21,90.0,14501,1793,101.09
2001-02-18,69.29,90.0,14515,1793,101.19
2001-02-11,69.37,90.0,14516,1793,101.2
2001-02-04,69.46,90.0,14514,1793,101.19
2001-01-28,69.37,90.0,14525,1793,101.26
2001-01-21,70.15,90.0,14525,1793,101.26
2001-01-14,69.23,90.0,14521,1793,101.23
2001-01-07,69.24,90.0,14527,1793,101.28
2000-12-31,76.81,95.0,14528,1793,101.28
2000-12-24,76.7,90.0,14521,1793,101.23
2000-12-17,67.25,90.0,14519,1793,101.22
2000-12-10,66.9,90.0,14519,1793,101.22
2000-12-03,67.2,90.0,14517,1793,101.21
2000-11-26,69.18,90.0,14522,1793,101.24
2000-11-19,67.09,90.0,14508,1793,101.14
2000-11-12,67.29,90.0,14516,1793,101.2
2000-11-05,67.1,90.0,14520,1793,101.23
2000-10-29,67.4,90.0,14519,1793,101.22
2000-10-22,67.39,90.0,14515,1793,101.19
2000-10-15,67.35,90.0,14517,1793,101.21
2000-10-08,67.34,90.0,14518,1793,101.21
2000-10-01,66.75,90.0,14517,1793,101.21
2000-09-24,66.9,90.0,14519,1793,101.22
2000-09-17,66.83,90.0,14515,1793,101.19
2000-09-10,66.8,90.0,14522,1793,101.24
2000-09-03,67.26,90.0,14518,1793,101.21
2000-08-27,66.46,90.0,14512,1793,101.17
2000-08-20,67.04,90.0,14515,1793,101.19
2000-08-13,67.08,90.0,14519,1793,101.22
2000-08-06,67.02,90.0,14518,1793,101.21
2000-07-30,67.1,90.0,14528,1793,101.28
2000-07-23,66.89,90.0,14517,1793,101.21
2000-07-16,66.61,90.0,14511,1793,101.16
2000-07-09,66.78,90.0,14517,1793,101.21
2000-07-02,66.72,90.0,14514,1793,101.19
2000-06-25,66.26,90.0,14508,1793,101.14
2000-06-18,66.44,90.0,14517,1793,101.21
2000-06-11,65.94,90.0,14508,1793,101.14
2000-06-04,66.41,90.0,14521,1793,101.23
2000-05-28,66.34,90.0,14514,1793,101.19
2000-05-21,66.46,90.0,14510,1793,101.16
2000-05-14,66.36,90.0,14513,1793,101.18
2000-05-07,66.11,90.0,14514,1793,101.19
2000-04-30,66.24,90.0,14519,1793,101.22
2000-04-23,66.45,90.0,14518,1793,101.21
2000-04-16,66.14,90.0,14514,1793,101.19
2000-04-09,66.09,90.0,14500,1793,101.09
2000-04-02,66.22,90.0,14509,1793,101.15
2000-03-26,64.71,90.0,14516,1793,101.2
2000-03-19,64.57,90.0,14520,1793,101.23
2000-03-12,64.3,90.0,14514,1793,101.19
2000-03-05,64.37,90.0,14524,1793,101.25
2000-02-27,64.39,90.0,14515,1793,101.19
2000-02-20,64.4,90.0,14527,1793,101.28
2000-02-13,64.61,90.0,14523,1793,101.25
2000-02-06,64.57,90.0,14519,1793,101.22
2000-01-30,64.13,85.0,14520,1793,101.23
2000-01-23,64.13,85.0,14509,1793,101.15
2000-01-16,64.06,85.0,14513,1793,101.18
2000-01-09,63.95,80.0,14508,1793,101.14
2000-01-02,73.97,90.0,14509,1793,101.15
1999-12-26,72.96,90.0,14531,1793,101.3
1999-12-19,62.94,80.0,14522,1793,101.24
1999-12-12,62.72,80.0,14510,1793,101.16
1999-12-05,62.99,80.0,14508,1793,101.14
1999-11-28,64.68,80.0,14514,1793,101.19
1999-11-21,63.36,80.0,16319,1793,101.13
1999-11-14,62.71,80.0,14512,1793,101.17
1999-11-07,62.94,80.0,14518,1793,101.21
1999-10-31,61.73,80.0,14518,1754,103.46
1999-10-24,61.19,80.0,14514,1754,103.44
1999-10-17,61.33,80.0,14502,1754,103.35
1999-10-10,61.04,80.0,14509,1754,103.4
1999-10-03,61.11,80.0,14502,1754,103.35
1999-09-26,61.54,80.0,14381,1754,102.49
1999-09-19,61.53,80.0,14245,1754,101.52
1999-09-12,62.03,80.0,14199,1754,101.19
1999-09-05,61.69,80.0,14196,1754,101.17
1999-08-29,61.61,80.0,14218,1754,101.33
1999-08-22,60.91,80.0,14218,1754,101.33
1999-08-15,61.16,80.0,14212,1754,101.28
1999-08-08,61.82,80.0,14218,1754,101.33
1999-08-01,61.15,80.0,14216,1754,101.31
1999-07-25,61.17,80.0,14222,1754,101.35
1999-07-18,62.0,80.0,14215,1754,101.3
1999-07-11,61.13,80.0,14225,1754,101.38
1999-07-04,61.58,80.0,13327,1754,94.98
1999-06-27,60.68,80.0,14218,1754,101.33
1999-06-20,60.48,80.0,14224,1754,101.37
1999-06-13,60.14,80.0,14216,1754,101.31
1999-06-06,60.19,80.0,14217,1754,101.32
1999-05-30,60.85,80.0,14209,1754,101.26
1999-05-23,60.61,80.0,14210,1754,101.27
1999-05-16,60.45,80.0,14207,1754,101.25
1999-05-09,60.2,80.0,14213,1754,101.29
1999-05-02,60.15,80.0,14209,1754,101.26
1999-04-25,59.47,80.0,14218,1754,101.33
1999-04-18,59.62,80.0,14204,1754,101.23
1999-04-11,59.42,80.0,14206,1754,101.24
1999-03-28,59.36,80.0,14216,1754,101.31
1999-03-21,59.87,80.0,14214,1754,101.3
1999-03-14,59.67,80.0,14212,1754,101.28
1999-03-07,59.39,80.0,14211,1754,101.28
1999-02-28,59.63,80.0,14209,1754,101.26
1999-02-21,59.37,80.0,14211,1754,101.28
1999-02-14,59.46,80.0,14203,1754,101.22
1999-02-07,59.46,80.0,14205,1754,101.23
1999-01-31,59.26,80.0,14199,1754,101.19
1999-01-24,59.39,80.0,14193,1754,101.15
1999-01-17,58.78,80.0,14206,1754,101.24
1999-01-10,59.22,80.0,14195,1754,101.16
1999-01-03,69.64,95.0,14204,1754,101.23
1998-12-27,69.05,80.0,14216,1754,101.31
1998-12-20,58.38,80.0,14191,1745,101.65
1998-12-13,58.56,80.0,15949,1745,101.55
1998-12-06,57.91,80.0,14198,1745,101.7
1998-11-29,59.63,80.0,14204,1745,101.75
1998-11-22,57.82,80.0,14201,1745,101.73
1998-11-15,57.81,80.0,14187,1745,101.63
1998-11-08,58.1,80.0,14202,1745,101.73
1998-11-01,57.97,80.0,14205,1745,101.76
1998-10-25,57.93,80.0,14193,1745,101.67
1998-10-18,57.72,75.0,14193,1745,101.67
1998-10-11,58.13,75.0,14217,1745,101.84
1998-10-04,57.96,75.0,14208,1745,101.78
1998-09-27,57.74,75.0,14211,1745,101.8
1998-09-20,65.67,75.0,14178,1745,90.28
1998-09-13,57.66,75.0,14205,1745,101.76
1998-09-06,57.88,75.0,14208,1745,101.78
1998-08-30,58.04,75.0,14204,1745,101.75
1998-08-23,57.69,75.0,14195,1745,101.68
1998-08-16,57.63,75.0,14203,1745,101.74
1998-08-09,57.52,75.0,14193,1745,101.67
1998-08-02,57.68,75.0,14192,1745,101.66
1998-07-26,57.28,75.0,14196,1745,101.69
1998-07-19,57.66,75.0,14075,1745,100.82
1998-07-12,57.38,75.0,14196,1745,101.69
1998-07-05,57.09,75.0,13202,1745,94.57
1998-06-28,57.22,75.0,14197,1745,101.7
1998-06-21,57.21,75.0,14216,1745,101.83
1998-06-14,56.92,75.0,14189,1745,101.64
1998-06-07,56.88,75.0,14164,1745,101.46
1998-05-31,57.2,75.0,14042,1745,100.59
1998-05-24,57.18,75.0,14094,1745,100.96
1998-05-17,57.14,75.0,14076,1745,100.83
1998-05-10,57.09,75.0,14030,1745,100.5
1998-05-03,56.99,75.0,14090,1745,100.93
1998-04-26,57.03,75.0,14096,1745,100.97
1998-04-19,56.99,75.0,14082,1745,100.87
1998-04-12,57.68,75.0,14120,1745,101.15
1998-04-05,57.14,75.0,14148,1745,101.35
1998-03-29,57.14,75.0,14090,1745,100.93
1998-03-22,56.78,75.0,14099,1745,101.0
1998-03-15,56.61,75.0,14117,1745,101.12
1998-03-08,57.05,75.0,14098,1745,100.99
1998-03-01,57.03,75.0,13997,1745,100.27
1998-02-22,57.18,75.0,14031,1745,100.51
1998-02-15,57.03,75.0,14022,1745,100.44
1998-02-08,57.07,75.0,13992,1745,100.23
1998-02-01,57.22,75.0,14015,1745,100.39
1998-01-25,57.27,75.0,14011,1745,100.37
1998-01-18,56.93,75.0,14007,1745,100.34
1998-01-11,57.06,75.0,14024,1745,100.46
1998-01-04,60.21,75.0,14128,1745,101.2
1997-12-28,61.84,75.0,14131,1745,101.22
1997-12-21,56.58,75.0,14115,1745,101.11
1997-12-14,56.29,75.0,14097,1745,100.98
1997-12-07,56.5,75.0,14103,1745,101.02
1997-11-30,57.56,75.0,14088,1745,100.92
1997-11-23,56.08,75.0,13489,1745,96.63
1997-11-16,56.52,75.0,11397,1745,81.64
1997-11-09,56.42,75.0,13372,1745,95.79
1997-11-02,56.75,75.0,11811,1745,84.61
1997-10-26,58.12,75.0,12460,1745,89.26
1997-10-19,59.26,75.0,10645,1745,87.15
